,timestampScore,PlayerRoundID,HoleNumber,Par,ScrambledStrokes,ToPar,Strokes
3618,2024-04-12 08:13:30.000,184394,1,4,7,0,4
5022,2024-04-12 08:13:30.000,184386,1,4,9,2,6
4734,2024-04-12 08:13:30.000,184342,1,4,10,3,7
810,2024-04-12 08:25:30.000,184300,1,4,7,0,4
2538,2024-04-12 08:25:30.000,184442,1,4,7,0,4
3258,2024-04-12 08:25:30.000,184382,1,4,7,0,4
3619,2024-04-12 08:30:22.500,184394,2,5,7,-1,4
4735,2024-04-12 08:30:22.500,184342,2,5,7,-1,4
5023,2024-04-12 08:30:22.500,184386,2,5,9,0,5
4698,2024-04-12 08:37:30.000,184340,1,4,5,-1,3
3834,2024-04-12 08:37:30.000,184422,1,4,7,0,4
5310,2024-04-12 08:37:30.000,184446,1,4,7,0,4
811,2024-04-12 08:42:22.500,184300,2,5,7,-1,4
2539,2024-04-12 08:42:22.500,184442,2,5,9,0,5
3259,2024-04-12 08:42:22.500,184382,2,5,9,0,5
3620,2024-04-12 08:43:52.500,184394,3,4,7,0,4
4736,2024-04-12 08:43:52.500,184342,3,4,7,0,4
5024,2024-04-12 08:43:52.500,184386,3,4,7,0,4
2250,2024-04-12 08:49:30.000,184358,1,4,5,-1,3
4194,2024-04-12 08:49:30.000,184424,1,4,7,0,4
4590,2024-04-12 08:49:30.000,184328,1,4,10,3,7
4737,2024-04-12 08:54:00.000,184342,4,3,5,0,3
3621,2024-04-12 08:54:00.000,184394,4,3,7,2,5
5025,2024-04-12 08:54:00.000,184386,4,3,7,2,5
3835,2024-04-12 08:54:22.500,184422,2,5,7,-1,4
4699,2024-04-12 08:54:22.500,184340,2,5,9,0,5
5311,2024-04-12 08:54:22.500,184446,2,5,9,0,5
812,2024-04-12 08:55:52.500,184300,3,4,7,0,4
2540,2024-04-12 08:55:52.500,184442,3,4,7,0,4
3260,2024-04-12 08:55:52.500,184382,3,4,7,0,4
4626,2024-04-12 09:01:30.000,184332,1,4,5,-1,3
3762,2024-04-12 09:01:30.000,184330,1,4,7,0,4
4410,2024-04-12 09:01:30.000,184298,1,4,7,0,4
813,2024-04-12 09:06:00.000,184300,4,3,5,0,3
3261,2024-04-12 09:06:00.000,184382,4,3,5,0,3
2541,2024-04-12 09:06:00.000,184442,4,3,7,2,5
4195,2024-04-12 09:06:22.500,184424,2,5,7,-1,4
2251,2024-04-12 09:06:22.500,184358,2,5,9,0,5
4591,2024-04-12 09:06:22.500,184328,2,5,10,2,7
4738,2024-04-12 09:07:30.000,184342,5,4,5,-1,3
3622,2024-04-12 09:07:30.000,184394,5,4,9,2,6
5026,2024-04-12 09:07:30.000,184386,5,4,9,2,6
3836,2024-04-12 09:07:52.500,184422,3,4,5,-1,3
5312,2024-04-12 09:07:52.500,184446,3,4,7,0,4
4700,2024-04-12 09:07:52.500,184340,3,4,9,2,6
3690,2024-04-12 09:13:30.000,184294,1,4,7,0,4
4986,2024-04-12 09:13:30.000,184378,1,4,7,0,4
5058,2024-04-12 09:13:30.000,184410,1,4,9,2,6
5027,2024-04-12 09:17:37.500,184386,6,3,3,-1,2
3623,2024-04-12 09:17:37.500,184394,6,3,7,2,5
4739,2024-04-12 09:17:37.500,184342,6,3,7,2,5
5313,2024-04-12 09:18:00.000,184446,4,3,3,-1,2
3837,2024-04-12 09:18:00.000,184422,4,3,7,2,5
4701,2024-04-12 09:18:00.000,184340,4,3,7,2,5
3763,2024-04-12 09:18:22.500,184330,2,5,9,0,5
4411,2024-04-12 09:18:22.500,184298,2,5,9,0,5
4627,2024-04-12 09:18:22.500,184332,2,5,9,0,5
814,2024-04-12 09:19:30.000,184300,5,4,7,0,4
2542,2024-04-12 09:19:30.000,184442,5,4,7,0,4
3262,2024-04-12 09:19:30.000,184382,5,4,7,0,4
4196,2024-04-12 09:19:52.500,184424,3,4,5,-1,3
4592,2024-04-12 09:19:52.500,184328,3,4,5,-1,3
2252,2024-04-12 09:19:52.500,184358,3,4,7,0,4
2610,2024-04-12 09:25:30.000,184458,1,4,7,0,4
2394,2024-04-12 09:25:30.000,184404,1,4,9,2,6
3042,2024-04-12 09:25:30.000,184376,1,4,9,2,6
815,2024-04-12 09:29:37.500,184300,6,3,3,-1,2
3263,2024-04-12 09:29:37.500,184382,6,3,3,-1,2
2543,2024-04-12 09:29:37.500,184442,6,3,5,0,3
4197,2024-04-12 09:30:00.000,184424,4,3,5,0,3
2253,2024-04-12 09:30:00.000,184358,4,3,7,2,5
4593,2024-04-12 09:30:00.000,184328,4,3,7,2,5
3691,2024-04-12 09:30:22.500,184294,2,5,7,-1,4
4987,2024-04-12 09:30:22.500,184378,2,5,7,-1,4
5059,2024-04-12 09:30:22.500,184410,2,5,9,0,5
3624,2024-04-12 09:31:07.500,184394,7,4,7,0,4
4740,2024-04-12 09:31:07.500,184342,7,4,7,0,4
5028,2024-04-12 09:31:07.500,184386,7,4,9,2,6
3838,2024-04-12 09:31:30.000,184422,5,4,7,0,4
4702,2024-04-12 09:31:30.000,184340,5,4,9,2,6
5314,2024-04-12 09:31:30.000,184446,5,4,9,2,6
3764,2024-04-12 09:31:52.500,184330,3,4,7,0,4
4412,2024-04-12 09:31:52.500,184298,3,4,7,0,4
4628,2024-04-12 09:31:52.500,184332,3,4,7,0,4
1026,2024-04-12 09:37:30.000,184416,1,4,7,0,4
1170,2024-04-12 09:37:30.000,184344,1,4,7,0,4
5274,2024-04-12 09:37:30.000,184444,1,4,7,0,4
3839,2024-04-12 09:41:37.500,184422,6,3,5,0,3
4703,2024-04-12 09:41:37.500,184340,6,3,5,0,3
5315,2024-04-12 09:41:37.500,184446,6,3,5,0,3
3765,2024-04-12 09:42:00.000,184330,4,3,5,0,3
4413,2024-04-12 09:42:00.000,184298,4,3,5,0,3
4629,2024-04-12 09:42:00.000,184332,4,3,5,0,3
2395,2024-04-12 09:42:22.500,184404,2,5,7,-1,4
3043,2024-04-12 09:42:22.500,184376,2,5,7,-1,4
2611,2024-04-12 09:42:22.500,184458,2,5,9,0,5
2544,2024-04-12 09:43:07.500,184442,7,4,7,0,4
3264,2024-04-12 09:43:07.500,184382,7,4,7,0,4
816,2024-04-12 09:43:07.500,184300,7,4,10,3,7
4594,2024-04-12 09:43:30.000,184328,5,4,7,0,4
2254,2024-04-12 09:43:30.000,184358,5,4,9,2,6
4198,2024-04-12 09:43:30.000,184424,5,4,9,2,6
4988,2024-04-12 09:43:52.500,184378,3,4,5,-1,3
3692,2024-04-12 09:43:52.500,184294,3,4,7,0,4
5060,2024-04-12 09:43:52.500,184410,3,4,7,0,4
5029,2024-04-12 09:48:00.000,184386,8,5,7,-1,4
3625,2024-04-12 09:48:00.000,184394,8,5,9,0,5
4741,2024-04-12 09:48:00.000,184342,8,5,9,0,5
954,2024-04-12 09:49:30.000,184408,1,4,7,0,4
2466,2024-04-12 09:49:30.000,184364,1,4,7,0,4
4806,2024-04-12 09:49:30.000,184350,1,4,7,0,4
2255,2024-04-12 09:53:37.500,184358,6,3,5,0,3
4199,2024-04-12 09:53:37.500,184424,6,3,5,0,3
4595,2024-04-12 09:53:37.500,184328,6,3,5,0,3
3693,2024-04-12 09:54:00.000,184294,4,3,5,0,3
4989,2024-04-12 09:54:00.000,184378,4,3,5,0,3
5061,2024-04-12 09:54:00.000,184410,4,3,7,2,5
1027,2024-04-12 09:54:22.500,184416,2,5,7,-1,4
5275,2024-04-12 09:54:22.500,184444,2,5,7,-1,4
1171,2024-04-12 09:54:22.500,184344,2,5,9,0,5
4704,2024-04-12 09:55:07.500,184340,7,4,7,0,4
3840,2024-04-12 09:55:07.500,184422,7,4,9,2,6
5316,2024-04-12 09:55:07.500,184446,7,4,9,2,6
3766,2024-04-12 09:55:30.000,184330,5,4,7,0,4
4414,2024-04-12 09:55:30.000,184298,5,4,7,0,4
4630,2024-04-12 09:55:30.000,184332,5,4,9,2,6
2396,2024-04-12 09:55:52.500,184404,3,4,7,0,4
2612,2024-04-12 09:55:52.500,184458,3,4,7,0,4
3044,2024-04-12 09:55:52.500,184376,3,4,9,2,6
817,2024-04-12 10:00:00.000,184300,8,5,7,-1,4
2545,2024-04-12 10:00:00.000,184442,8,5,9,0,5
3265,2024-04-12 10:00:00.000,184382,8,5,9,0,5
594,2024-04-12 10:01:30.000,184336,1,4,7,0,4
882,2024-04-12 10:01:30.000,184402,1,4,7,0,4
5030,2024-04-12 10:01:30.000,184386,9,4,7,0,4
1530,2024-04-12 10:01:30.000,184286,1,4,9,2,6
3626,2024-04-12 10:01:30.000,184394,9,4,9,2,6
4742,2024-04-12 10:01:30.000,184342,9,4,9,2,6
3767,2024-04-12 10:05:37.500,184330,6,3,3,-1,2
4415,2024-04-12 10:05:37.500,184298,6,3,5,0,3
4631,2024-04-12 10:05:37.500,184332,6,3,5,0,3
3045,2024-04-12 10:06:00.000,184376,4,3,5,0,3
2397,2024-04-12 10:06:00.000,184404,4,3,7,2,5
2613,2024-04-12 10:06:00.000,184458,4,3,7,2,5
955,2024-04-12 10:06:22.500,184408,2,5,7,-1,4
2467,2024-04-12 10:06:22.500,184364,2,5,7,-1,4
4807,2024-04-12 10:06:22.500,184350,2,5,7,-1,4
2256,2024-04-12 10:07:07.500,184358,7,4,7,0,4
4200,2024-04-12 10:07:07.500,184424,7,4,7,0,4
4596,2024-04-12 10:07:07.500,184328,7,4,10,3,7
3694,2024-04-12 10:07:30.000,184294,5,4,7,0,4
4990,2024-04-12 10:07:30.000,184378,5,4,7,0,4
5062,2024-04-12 10:07:30.000,184410,5,4,7,0,4
1028,2024-04-12 10:07:52.500,184416,3,4,7,0,4
1172,2024-04-12 10:07:52.500,184344,3,4,7,0,4
5276,2024-04-12 10:07:52.500,184444,3,4,7,0,4
4705,2024-04-12 10:12:00.000,184340,8,5,7,-1,4
3841,2024-04-12 10:12:00.000,184422,8,5,9,0,5
5317,2024-04-12 10:12:00.000,184446,8,5,9,0,5
2546,2024-04-12 10:13:30.000,184442,9,4,5,-1,3
3266,2024-04-12 10:13:30.000,184382,9,4,7,0,4
818,2024-04-12 10:13:30.000,184300,9,4,9,2,6
3627,2024-04-12 10:15:00.000,184394,10,4,7,0,4
4743,2024-04-12 10:15:00.000,184342,10,4,9,2,6
5031,2024-04-12 10:15:00.000,184386,10,4,9,2,6
3695,2024-04-12 10:17:37.500,184294,6,3,5,0,3
4991,2024-04-12 10:17:37.500,184378,6,3,5,0,3
5063,2024-04-12 10:17:37.500,184410,6,3,5,0,3
1029,2024-04-12 10:18:00.000,184416,4,3,5,0,3
1173,2024-04-12 10:18:00.000,184344,4,3,5,0,3
5277,2024-04-12 10:18:00.000,184444,4,3,5,0,3
595,2024-04-12 10:18:22.500,184336,2,5,7,-1,4
883,2024-04-12 10:18:22.500,184402,2,5,7,-1,4
1531,2024-04-12 10:18:22.500,184286,2,5,9,0,5
3768,2024-04-12 10:19:07.500,184330,7,4,7,0,4
4416,2024-04-12 10:19:07.500,184298,7,4,9,2,6
4632,2024-04-12 10:19:07.500,184332,7,4,9,2,6
4338,2024-04-12 10:19:30.000,184288,1,4,5,-1,3
666,2024-04-12 10:19:30.000,184454,1,4,7,0,4
2034,2024-04-12 10:19:30.000,184420,1,4,7,0,4
2614,2024-04-12 10:19:30.000,184458,5,4,7,0,4
3046,2024-04-12 10:19:30.000,184376,5,4,7,0,4
2398,2024-04-12 10:19:30.000,184404,5,4,9,2,6
956,2024-04-12 10:19:52.500,184408,3,4,7,0,4
2468,2024-04-12 10:19:52.500,184364,3,4,7,0,4
4808,2024-04-12 10:19:52.500,184350,3,4,7,0,4
2257,2024-04-12 10:24:00.000,184358,8,5,9,0,5
4201,2024-04-12 10:24:00.000,184424,8,5,9,0,5
4597,2024-04-12 10:24:00.000,184328,8,5,9,0,5
3842,2024-04-12 10:25:30.000,184422,9,4,7,0,4
5318,2024-04-12 10:25:30.000,184446,9,4,7,0,4
4706,2024-04-12 10:25:30.000,184340,9,4,9,2,6
819,2024-04-12 10:27:00.000,184300,10,4,7,0,4
2547,2024-04-12 10:27:00.000,184442,10,4,7,0,4
3267,2024-04-12 10:27:00.000,184382,10,4,7,0,4
4744,2024-04-12 10:28:30.000,184342,11,4,7,0,4
3628,2024-04-12 10:28:30.000,184394,11,4,9,2,6
5032,2024-04-12 10:28:30.000,184386,11,4,9,2,6
2399,2024-04-12 10:29:37.500,184404,6,3,3,-1,2
2615,2024-04-12 10:29:37.500,184458,6,3,5,0,3
3047,2024-04-12 10:29:37.500,184376,6,3,5,0,3
957,2024-04-12 10:30:00.000,184408,4,3,5,0,3
4809,2024-04-12 10:30:00.000,184350,4,3,5,0,3
2469,2024-04-12 10:30:00.000,184364,4,3,7,2,5
3696,2024-04-12 10:31:07.500,184294,7,4,9,2,6
4992,2024-04-12 10:31:07.500,184378,7,4,9,2,6
5064,2024-04-12 10:31:07.500,184410,7,4,10,3,7
234,2024-04-12 10:31:30.000,184346,1,4,7,0,4
1030,2024-04-12 10:31:30.000,184416,5,4,7,0,4
2106,2024-04-12 10:31:30.000,184302,1,4,7,0,4
4266,2024-04-12 10:31:30.000,184452,1,4,7,0,4
5278,2024-04-12 10:31:30.000,184444,5,4,7,0,4
1174,2024-04-12 10:31:30.000,184344,5,4,9,2,6
1532,2024-04-12 10:31:52.500,184286,3,4,5,-1,3
596,2024-04-12 10:31:52.500,184336,3,4,7,0,4
884,2024-04-12 10:31:52.500,184402,3,4,7,0,4
4417,2024-04-12 10:36:00.000,184298,8,5,9,0,5
4633,2024-04-12 10:36:00.000,184332,8,5,9,0,5
3769,2024-04-12 10:36:00.000,184330,8,5,10,2,7
667,2024-04-12 10:36:22.500,184454,2,5,7,-1,4
2035,2024-04-12 10:36:22.500,184420,2,5,7,-1,4
4339,2024-04-12 10:36:22.500,184288,2,5,9,0,5
2258,2024-04-12 10:37:30.000,184358,9,4,5,-1,3
4202,2024-04-12 10:37:30.000,184424,9,4,7,0,4
4598,2024-04-12 10:37:30.000,184328,9,4,10,3,7
3629,2024-04-12 10:38:37.500,184394,12,3,5,0,3
4745,2024-04-12 10:38:37.500,184342,12,3,5,0,3
5033,2024-04-12 10:38:37.500,184386,12,3,7,2,5
4707,2024-04-12 10:39:00.000,184340,10,4,7,0,4
5319,2024-04-12 10:39:00.000,184446,10,4,7,0,4
3843,2024-04-12 10:39:00.000,184422,10,4,9,2,6
820,2024-04-12 10:40:30.000,184300,11,4,7,0,4
3268,2024-04-12 10:40:30.000,184382,11,4,7,0,4
2548,2024-04-12 10:40:30.000,184442,11,4,9,2,6
1031,2024-04-12 10:41:37.500,184416,6,3,3,-1,2
1175,2024-04-12 10:41:37.500,184344,6,3,7,2,5
5279,2024-04-12 10:41:37.500,184444,6,3,7,2,5
885,2024-04-12 10:42:00.000,184402,4,3,3,-1,2
597,2024-04-12 10:42:00.000,184336,4,3,7,2,5
1533,2024-04-12 10:42:00.000,184286,4,3,7,2,5
2400,2024-04-12 10:43:07.500,184404,7,4,9,2,6
2616,2024-04-12 10:43:07.500,184458,7,4,9,2,6
3048,2024-04-12 10:43:07.500,184376,7,4,9,2,6
958,2024-04-12 10:43:30.000,184408,5,4,7,0,4
2470,2024-04-12 10:43:30.000,184364,5,4,7,0,4
3186,2024-04-12 10:43:30.000,184368,1,4,7,0,4
4662,2024-04-12 10:43:30.000,184334,1,4,7,0,4
4810,2024-04-12 10:43:30.000,184350,5,4,7,0,4
2322,2024-04-12 10:43:30.000,184360,1,4,9,2,6
3697,2024-04-12 10:48:00.000,184294,8,5,9,0,5
4993,2024-04-12 10:48:00.000,184378,8,5,9,0,5
5065,2024-04-12 10:48:00.000,184410,8,5,9,0,5
235,2024-04-12 10:48:22.500,184346,2,5,7,-1,4
2107,2024-04-12 10:48:22.500,184302,2,5,9,0,5
4267,2024-04-12 10:48:22.500,184452,2,5,9,0,5
3770,2024-04-12 10:49:30.000,184330,9,4,5,-1,3
4634,2024-04-12 10:49:30.000,184332,9,4,7,0,4
4418,2024-04-12 10:49:30.000,184298,9,4,9,2,6
668,2024-04-12 10:49:52.500,184454,3,4,5,-1,3
4340,2024-04-12 10:49:52.500,184288,3,4,7,0,4
2036,2024-04-12 10:49:52.500,184420,3,4,9,2,6
821,2024-04-12 10:50:37.500,184300,12,3,5,0,3
2549,2024-04-12 10:50:37.500,184442,12,3,5,0,3
3269,2024-04-12 10:50:37.500,184382,12,3,7,2,5
2259,2024-04-12 10:51:00.000,184358,10,4,7,0,4
4203,2024-04-12 10:51:00.000,184424,10,4,7,0,4
4599,2024-04-12 10:51:00.000,184328,10,4,7,0,4
5320,2024-04-12 10:52:30.000,184446,11,4,9,2,6
3844,2024-04-12 10:52:30.000,184422,11,4,10,3,7
4708,2024-04-12 10:52:30.000,184340,11,4,10,3,7
2471,2024-04-12 10:53:37.500,184364,6,3,5,0,3
959,2024-04-12 10:53:37.500,184408,6,3,7,2,5
4811,2024-04-12 10:53:37.500,184350,6,3,7,2,5
1176,2024-04-12 10:55:07.500,184344,7,4,7,0,4
1032,2024-04-12 10:55:07.500,184416,7,4,9,2,6
5280,2024-04-12 10:55:07.500,184444,7,4,9,2,6
3630,2024-04-12 10:55:30.000,184394,13,5,7,-1,4
90,2024-04-12 10:55:30.000,184282,1,4,7,0,4
598,2024-04-12 10:55:30.000,184336,5,4,7,0,4
1534,2024-04-12 10:55:30.000,184286,5,4,7,0,4
3474,2024-04-12 10:55:30.000,184436,1,4,7,0,4
886,2024-04-12 10:55:30.000,184402,5,4,9,2,6
4746,2024-04-12 10:55:30.000,184342,13,5,10,2,7
5034,2024-04-12 10:55:30.000,184386,13,5,10,2,7
5130,2024-04-12 10:55:30.000,184428,1,4,9,2,6
3049,2024-04-12 11:00:00.000,184376,8,5,7,-1,4
669,2024-04-12 11:00:00.000,184454,4,3,5,0,3
2037,2024-04-12 11:00:00.000,184420,4,3,5,0,3
2401,2024-04-12 11:00:00.000,184404,8,5,9,0,5
2617,2024-04-12 11:00:00.000,184458,8,5,9,0,5
4341,2024-04-12 11:00:00.000,184288,4,3,5,0,3
2323,2024-04-12 11:00:22.500,184360,2,5,7,-1,4
3187,2024-04-12 11:00:22.500,184368,2,5,7,-1,4
4663,2024-04-12 11:00:22.500,184334,2,5,9,0,5
3698,2024-04-12 11:01:30.000,184294,9,4,5,-1,3
4994,2024-04-12 11:01:30.000,184378,9,4,7,0,4
5066,2024-04-12 11:01:30.000,184410,9,4,7,0,4
4268,2024-04-12 11:01:52.500,184452,3,4,5,-1,3
236,2024-04-12 11:01:52.500,184346,3,4,7,0,4
2108,2024-04-12 11:01:52.500,184302,3,4,7,0,4
4709,2024-04-12 11:02:37.500,184340,12,3,5,0,3
5321,2024-04-12 11:02:37.500,184446,12,3,5,0,3
3845,2024-04-12 11:02:37.500,184422,12,3,7,2,5
3771,2024-04-12 11:03:00.000,184330,10,4,5,-1,3
4419,2024-04-12 11:03:00.000,184298,10,4,7,0,4
4635,2024-04-12 11:03:00.000,184332,10,4,9,2,6
4204,2024-04-12 11:04:30.000,184424,11,4,7,0,4
2260,2024-04-12 11:04:30.000,184358,11,4,9,2,6
4600,2024-04-12 11:04:30.000,184328,11,4,10,3,7
1535,2024-04-12 11:05:37.500,184286,6,3,3,-1,2
599,2024-04-12 11:05:37.500,184336,6,3,5,0,3
887,2024-04-12 11:05:37.500,184402,6,3,7,2,5
960,2024-04-12 11:07:07.500,184408,7,4,5,-1,3
2472,2024-04-12 11:07:07.500,184364,7,4,7,0,4
4812,2024-04-12 11:07:07.500,184350,7,4,7,0,4
162,2024-04-12 11:07:30.000,184318,1,4,7,0,4
306,2024-04-12 11:07:30.000,184392,1,4,7,0,4
2550,2024-04-12 11:07:30.000,184442,13,5,9,0,5
3270,2024-04-12 11:07:30.000,184382,13,5,9,0,5
4878,2024-04-12 11:07:30.000,184354,1,4,7,0,4
822,2024-04-12 11:07:30.000,184300,13,5,10,2,7
3631,2024-04-12 11:09:00.000,184394,14,4,7,0,4
5035,2024-04-12 11:09:00.000,184386,14,4,7,0,4
4747,2024-04-12 11:09:00.000,184342,14,4,9,2,6
237,2024-04-12 11:12:00.000,184346,4,3,3,-1,2
5281,2024-04-12 11:12:00.000,184444,8,5,7,-1,4
1033,2024-04-12 11:12:00.000,184416,8,5,9,0,5
1177,2024-04-12 11:12:00.000,184344,8,5,9,0,5
2109,2024-04-12 11:12:00.000,184302,4,3,5,0,3
4269,2024-04-12 11:12:00.000,184452,4,3,7,2,5
91,2024-04-12 11:12:22.500,184282,2,5,7,-1,4
5131,2024-04-12 11:12:22.500,184428,2,5,7,-1,4
3475,2024-04-12 11:12:22.500,184436,2,5,9,0,5
2618,2024-04-12 11:13:30.000,184458,9,4,5,-1,3
670,2024-04-12 11:13:30.000,184454,5,4,7,0,4
2038,2024-04-12 11:13:30.000,184420,5,4,7,0,4
2402,2024-04-12 11:13:30.000,184404,9,4,7,0,4
3050,2024-04-12 11:13:30.000,184376,9,4,9,2,6
4342,2024-04-12 11:13:30.000,184288,5,4,9,2,6
4664,2024-04-12 11:13:52.500,184334,3,4,5,-1,3
2324,2024-04-12 11:13:52.500,184360,3,4,9,2,6
3188,2024-04-12 11:13:52.500,184368,3,4,9,2,6
2261,2024-04-12 11:14:37.500,184358,12,3,5,0,3
4205,2024-04-12 11:14:37.500,184424,12,3,7,2,5
4601,2024-04-12 11:14:37.500,184328,12,3,7,2,5
3699,2024-04-12 11:15:00.000,184294,10,4,7,0,4
4995,2024-04-12 11:15:00.000,184378,10,4,7,0,4
5067,2024-04-12 11:15:00.000,184410,10,4,9,2,6
4636,2024-04-12 11:16:30.000,184332,11,4,7,0,4
3772,2024-04-12 11:16:30.000,184330,11,4,9,2,6
4420,2024-04-12 11:16:30.000,184298,11,4,9,2,6
4050,2024-04-12 11:18:30.000,184440,1,4,7,0,4
3978,2024-04-12 11:18:30.000,184366,1,4,9,2,6
600,2024-04-12 11:19:07.500,184336,7,4,7,0,4
1536,2024-04-12 11:19:07.500,184286,7,4,7,0,4
888,2024-04-12 11:19:07.500,184402,7,4,9,2,6
3846,2024-04-12 11:19:30.000,184422,13,5,7,-1,4
4710,2024-04-12 11:19:30.000,184340,13,5,10,2,7
5322,2024-04-12 11:19:30.000,184446,13,5,10,2,7
823,2024-04-12 11:21:00.000,184300,14,4,7,0,4
3271,2024-04-12 11:21:00.000,184382,14,4,7,0,4
2551,2024-04-12 11:21:00.000,184442,14,4,10,3,7
671,2024-04-12 11:23:37.500,184454,6,3,3,-1,2
2039,2024-04-12 11:23:37.500,184420,6,3,5,0,3
4343,2024-04-12 11:23:37.500,184288,6,3,5,0,3
3189,2024-04-12 11:24:00.000,184368,4,3,3,-1,2
961,2024-04-12 11:24:00.000,184408,8,5,9,0,5
2325,2024-04-12 11:24:00.000,184360,4,3,5,0,3
4665,2024-04-12 11:24:00.000,184334,4,3,5,0,3
4813,2024-04-12 11:24:00.000,184350,8,5,9,0,5
2473,2024-04-12 11:24:00.000,184364,8,5,10,2,7
307,2024-04-12 11:24:22.500,184392,2,5,7,-1,4
4879,2024-04-12 11:24:22.500,184354,2,5,9,0,5
163,2024-04-12 11:24:22.500,184318,2,5,10,2,7
1034,2024-04-12 11:25:30.000,184416,9,4,5,-1,3
1178,2024-04-12 11:25:30.000,184344,9,4,5,-1,3
238,2024-04-12 11:25:30.000,184346,5,4,7,0,4
2110,2024-04-12 11:25:30.000,184302,5,4,7,0,4
5282,2024-04-12 11:25:30.000,184444,9,4,7,0,4
4270,2024-04-12 11:25:30.000,184452,5,4,9,2,6
3632,2024-04-12 11:25:52.500,184394,15,5,7,-1,4
92,2024-04-12 11:25:52.500,184282,3,4,7,0,4
4748,2024-04-12 11:25:52.500,184342,15,5,9,0,5
5132,2024-04-12 11:25:52.500,184428,3,4,7,0,4
5036,2024-04-12 11:25:52.500,184386,15,5,10,2,7
3476,2024-04-12 11:25:52.500,184436,3,4,12,5,9
3773,2024-04-12 11:26:37.500,184330,12,3,5,0,3
4421,2024-04-12 11:26:37.500,184298,12,3,7,2,5
4637,2024-04-12 11:26:37.500,184332,12,3,7,2,5
3051,2024-04-12 11:27:00.000,184376,10,4,7,0,4
2403,2024-04-12 11:27:00.000,184404,10,4,9,2,6
2619,2024-04-12 11:27:00.000,184458,10,4,9,2,6
3700,2024-04-12 11:28:30.000,184294,11,4,7,0,4
5068,2024-04-12 11:28:30.000,184410,11,4,7,0,4
4996,2024-04-12 11:28:30.000,184378,11,4,9,2,6
1458,2024-04-12 11:31:30.000,184390,1,4,5,-1,3
4602,2024-04-12 11:31:30.000,184328,13,5,7,-1,4
2262,2024-04-12 11:31:30.000,184358,13,5,9,0,5
3330,2024-04-12 11:31:30.000,184398,1,4,7,0,4
4206,2024-04-12 11:31:30.000,184424,13,5,9,0,5
4446,2024-04-12 11:31:30.000,184304,1,4,7,0,4
4711,2024-04-12 11:33:00.000,184340,14,4,7,0,4
3847,2024-04-12 11:33:00.000,184422,14,4,9,2,6
5323,2024-04-12 11:33:00.000,184446,14,4,9,2,6
3979,2024-04-12 11:34:07.500,184366,2,5,7,-1,4
4051,2024-04-12 11:34:07.500,184440,2,5,10,2,7
4271,2024-04-12 11:35:37.500,184452,6,3,3,-1,2
239,2024-04-12 11:35:37.500,184346,6,3,5,0,3
2111,2024-04-12 11:35:37.500,184302,6,3,5,0,3
601,2024-04-12 11:36:00.000,184336,8,5,7,-1,4
1537,2024-04-12 11:36:00.000,184286,8,5,7,-1,4
93,2024-04-12 11:36:00.000,184282,4,3,5,0,3
889,2024-04-12 11:36:00.000,184402,8,5,9,0,5
3477,2024-04-12 11:36:00.000,184436,4,3,5,0,3
5037,2024-04-12 11:36:00.000,184386,16,3,5,0,3
5133,2024-04-12 11:36:00.000,184428,4,3,5,0,3
3633,2024-04-12 11:36:00.000,184394,16,3,7,2,5
4749,2024-04-12 11:36:00.000,184342,16,3,7,2,5
2040,2024-04-12 11:37:07.500,184420,7,4,7,0,4
4344,2024-04-12 11:37:07.500,184288,7,4,7,0,4
672,2024-04-12 11:37:07.500,184454,7,4,9,2,6
962,2024-04-12 11:37:30.000,184408,9,4,5,-1,3
2326,2024-04-12 11:37:30.000,184360,5,4,5,-1,3
2474,2024-04-12 11:37:30.000,184364,9,4,7,0,4
3190,2024-04-12 11:37:30.000,184368,5,4,7,0,4
4666,2024-04-12 11:37:30.000,184334,5,4,9,2,6
4814,2024-04-12 11:37:30.000,184350,9,4,9,2,6
164,2024-04-12 11:37:52.500,184318,3,4,5,-1,3
824,2024-04-12 11:37:52.500,184300,15,5,7,-1,4
308,2024-04-12 11:37:52.500,184392,3,4,7,0,4
2552,2024-04-12 11:37:52.500,184442,15,5,9,0,5
3272,2024-04-12 11:37:52.500,184382,15,5,9,0,5
4880,2024-04-12 11:37:52.500,184354,3,4,9,2,6
3701,2024-04-12 11:38:37.500,184294,12,3,3,-1,2
5069,2024-04-12 11:38:37.500,184410,12,3,3,-1,2
4997,2024-04-12 11:38:37.500,184378,12,3,5,0,3
1179,2024-04-12 11:39:00.000,184344,10,4,5,-1,3
1035,2024-04-12 11:39:00.000,184416,10,4,7,0,4
5283,2024-04-12 11:39:00.000,184444,10,4,10,3,7
2404,2024-04-12 11:40:30.000,184404,11,4,7,0,4
3052,2024-04-12 11:40:30.000,184376,11,4,7,0,4
2620,2024-04-12 11:40:30.000,184458,11,4,9,2,6
4422,2024-04-12 11:43:30.000,184298,13,5,7,-1,4
3774,2024-04-12 11:43:30.000,184330,13,5,9,0,5
4518,2024-04-12 11:43:30.000,184310,1,4,7,0,4
4638,2024-04-12 11:43:30.000,184332,13,5,9,0,5
3546,2024-04-12 11:43:30.000,184448,1,4,9,2,6
4842,2024-04-12 11:43:30.000,184352,1,4,9,2,6
2263,2024-04-12 11:45:00.000,184358,14,4,7,0,4
4207,2024-04-12 11:45:00.000,184424,14,4,7,0,4
4603,2024-04-12 11:45:00.000,184328,14,4,7,0,4
3980,2024-04-12 11:46:37.500,184366,3,4,7,0,4
4052,2024-04-12 11:46:37.500,184440,3,4,7,0,4
2327,2024-04-12 11:47:37.500,184360,6,3,5,0,3
4667,2024-04-12 11:47:37.500,184334,6,3,5,0,3
3191,2024-04-12 11:47:37.500,184368,6,3,7,2,5
2553,2024-04-12 11:48:00.000,184442,16,3,3,-1,2
165,2024-04-12 11:48:00.000,184318,4,3,5,0,3
825,2024-04-12 11:48:00.000,184300,16,3,5,0,3
309,2024-04-12 11:48:00.000,184392,4,3,7,2,5
4881,2024-04-12 11:48:00.000,184354,4,3,7,2,5
3273,2024-04-12 11:48:00.000,184382,16,3,9,3,6
1459,2024-04-12 11:48:22.500,184390,2,5,5,-3,2
3331,2024-04-12 11:48:22.500,184398,2,5,7,-1,4
4447,2024-04-12 11:48:22.500,184304,2,5,9,0,5
240,2024-04-12 11:49:07.500,184346,7,4,7,0,4
2112,2024-04-12 11:49:07.500,184302,7,4,7,0,4
4272,2024-04-12 11:49:07.500,184452,7,4,9,2,6
3634,2024-04-12 11:49:30.000,184394,17,4,5,-1,3
4750,2024-04-12 11:49:30.000,184342,17,4,5,-1,3
890,2024-04-12 11:49:30.000,184402,9,4,7,0,4
3478,2024-04-12 11:49:30.000,184436,5,4,7,0,4
5038,2024-04-12 11:49:30.000,184386,17,4,7,0,4
5134,2024-04-12 11:49:30.000,184428,5,4,7,0,4
94,2024-04-12 11:49:30.000,184282,5,4,9,2,6
602,2024-04-12 11:49:30.000,184336,9,4,9,2,6
1538,2024-04-12 11:49:30.000,184286,9,4,9,2,6
3848,2024-04-12 11:49:52.500,184422,15,5,7,-1,4
4712,2024-04-12 11:49:52.500,184340,15,5,9,0,5
5324,2024-04-12 11:49:52.500,184446,15,5,9,0,5
2405,2024-04-12 11:50:37.500,184404,12,3,3,-1,2
2621,2024-04-12 11:50:37.500,184458,12,3,7,2,5
3053,2024-04-12 11:50:37.500,184376,12,3,7,2,5
963,2024-04-12 11:51:00.000,184408,10,4,7,0,4
4815,2024-04-12 11:51:00.000,184350,10,4,7,0,4
2475,2024-04-12 11:51:00.000,184364,10,4,9,2,6
1036,2024-04-12 11:52:30.000,184416,11,4,9,2,6
1180,2024-04-12 11:52:30.000,184344,11,4,9,2,6
5284,2024-04-12 11:52:30.000,184444,11,4,10,7,11
673,2024-04-12 11:54:00.000,184454,8,5,7,-1,4
2041,2024-04-12 11:54:00.000,184420,8,5,7,-1,4
4345,2024-04-12 11:54:00.000,184288,8,5,9,0,5
3702,2024-04-12 11:55:30.000,184294,13,5,9,0,5
4998,2024-04-12 11:55:30.000,184378,13,5,9,0,5
5070,2024-04-12 11:55:30.000,184410,13,5,9,0,5
2898,2024-04-12 11:55:30.000,184374,1,4,9,2,6
4950,2024-04-12 11:55:30.000,184370,1,4,9,2,6
5094,2024-04-12 11:55:30.000,184418,1,4,9,2,6
3981,2024-04-12 11:56:00.000,184366,4,3,5,0,3
4053,2024-04-12 11:56:00.000,184440,4,3,5,0,3
3775,2024-04-12 11:57:00.000,184330,14,4,7,0,4
4423,2024-04-12 11:57:00.000,184298,14,4,7,0,4
4639,2024-04-12 11:57:00.000,184332,14,4,7,0,4
3479,2024-04-12 11:59:37.500,184436,6,3,5,0,3
5135,2024-04-12 11:59:37.500,184428,6,3,5,0,3
95,2024-04-12 11:59:37.500,184282,6,3,7,2,5
3849,2024-04-12 12:00:00.000,184422,16,3,5,0,3
5325,2024-04-12 12:00:00.000,184446,16,3,5,0,3
4713,2024-04-12 12:00:00.000,184340,16,3,7,2,5
3547,2024-04-12 12:00:22.500,184448,2,5,9,0,5
4843,2024-04-12 12:00:22.500,184352,2,5,9,0,5
4519,2024-04-12 12:00:22.500,184310,2,5,10,2,7
3192,2024-04-12 12:01:07.500,184368,7,4,5,-1,3
2328,2024-04-12 12:01:07.500,184360,7,4,7,0,4
4668,2024-04-12 12:01:07.500,184334,7,4,9,2,6
310,2024-04-12 12:01:30.000,184392,5,4,5,-1,3
166,2024-04-12 12:01:30.000,184318,5,4,7,0,4
826,2024-04-12 12:01:30.000,184300,17,4,7,0,4
3274,2024-04-12 12:01:30.000,184382,17,4,7,0,4
4882,2024-04-12 12:01:30.000,184354,5,4,7,0,4
2554,2024-04-12 12:01:30.000,184442,17,4,9,2,6
3332,2024-04-12 12:01:52.500,184398,3,4,5,-1,3
1460,2024-04-12 12:01:52.500,184390,3,4,7,0,4
2264,2024-04-12 12:01:52.500,184358,15,5,9,0,5
4208,2024-04-12 12:01:52.500,184424,15,5,9,0,5
4604,2024-04-12 12:01:52.500,184328,15,5,9,0,5
4448,2024-04-12 12:01:52.500,184304,3,4,12,5,9
1037,2024-04-12 12:02:37.500,184416,12,3,5,0,3
1181,2024-04-12 12:02:37.500,184344,12,3,5,0,3
5285,2024-04-12 12:02:37.500,184444,12,3,9,3,6
603,2024-04-12 12:03:00.000,184336,10,4,7,0,4
891,2024-04-12 12:03:00.000,184402,10,4,7,0,4
3635,2024-04-12 12:03:00.000,184394,18,4,7,0,4
4751,2024-04-12 12:03:00.000,184342,18,4,7,0,4
1539,2024-04-12 12:03:00.000,184286,10,4,9,2,6
5039,2024-04-12 12:03:00.000,184386,18,4,9,2,6
2476,2024-04-12 12:04:30.000,184364,11,4,5,-1,3
964,2024-04-12 12:04:30.000,184408,11,4,7,0,4
4816,2024-04-12 12:04:30.000,184350,11,4,7,0,4
4273,2024-04-12 12:06:00.000,184452,8,5,7,-1,4
241,2024-04-12 12:06:00.000,184346,8,5,9,0,5
2113,2024-04-12 12:06:00.000,184302,8,5,9,0,5
2406,2024-04-12 12:07:30.000,184404,13,5,7,-1,4
5346,2024-04-12 12:07:30.000,184450,1,4,5,-1,3
378,2024-04-12 12:07:30.000,184306,1,4,7,0,4
2622,2024-04-12 12:07:30.000,184458,13,5,9,0,5
3054,2024-04-12 12:07:30.000,184376,13,5,9,0,5
4346,2024-04-12 12:07:30.000,184288,9,4,7,0,4
674,2024-04-12 12:07:30.000,184454,9,4,9,2,6
2042,2024-04-12 12:07:30.000,184420,9,4,9,2,6
4122,2024-04-12 12:07:30.000,184400,1,4,10,3,7
3982,2024-04-12 12:08:30.000,184366,5,4,7,0,4
4054,2024-04-12 12:08:30.000,184440,5,4,7,0,4
4999,2024-04-12 12:09:00.000,184378,14,4,7,0,4
5071,2024-04-12 12:09:00.000,184410,14,4,9,2,6
3703,2024-04-12 12:09:00.000,184294,14,4,10,3,7
167,2024-04-12 12:11:37.500,184318,6,3,5,0,3
311,2024-04-12 12:11:37.500,184392,6,3,5,0,3
4883,2024-04-12 12:11:37.500,184354,6,3,7,2,5
2265,2024-04-12 12:12:00.000,184358,16,3,5,0,3
3333,2024-04-12 12:12:00.000,184398,4,3,5,0,3
4209,2024-04-12 12:12:00.000,184424,16,3,5,0,3
4605,2024-04-12 12:12:00.000,184328,16,3,5,0,3
1461,2024-04-12 12:12:00.000,184390,4,3,7,2,5
4449,2024-04-12 12:12:00.000,184304,4,3,7,2,5
2899,2024-04-12 12:12:22.500,184374,2,5,7,-1,4
4951,2024-04-12 12:12:22.500,184370,2,5,7,-1,4
5095,2024-04-12 12:12:22.500,184418,2,5,9,0,5
96,2024-04-12 12:13:07.500,184282,7,4,7,0,4
3480,2024-04-12 12:13:07.500,184436,7,4,7,0,4
5136,2024-04-12 12:13:07.500,184428,7,4,7,0,4
3850,2024-04-12 12:13:30.000,184422,17,4,7,0,4
4714,2024-04-12 12:13:30.000,184340,17,4,7,0,4
5326,2024-04-12 12:13:30.000,184446,17,4,7,0,4
3548,2024-04-12 12:13:52.500,184448,3,4,5,-1,3
4520,2024-04-12 12:13:52.500,184310,3,4,5,-1,3
4424,2024-04-12 12:13:52.500,184298,15,5,9,0,5
4640,2024-04-12 12:13:52.500,184332,15,5,9,0,5
4844,2024-04-12 12:13:52.500,184352,3,4,7,0,4
3776,2024-04-12 12:13:52.500,184330,15,5,12,3,8
965,2024-04-12 12:14:37.500,184408,12,3,5,0,3
2477,2024-04-12 12:14:37.500,184364,12,3,5,0,3
4817,2024-04-12 12:14:37.500,184350,12,3,5,0,3
827,2024-04-12 12:15:00.000,184300,18,4,7,0,4
2555,2024-04-12 12:15:00.000,184442,18,4,7,0,4
3275,2024-04-12 12:15:00.000,184382,18,4,7,0,4
892,2024-04-12 12:16:30.000,184402,11,4,7,0,4
1540,2024-04-12 12:16:30.000,184286,11,4,7,0,4
604,2024-04-12 12:16:30.000,184336,11,4,9,2,6
4055,2024-04-12 12:17:52.500,184440,6,3,5,0,3
3983,2024-04-12 12:17:52.500,184366,6,3,7,2,5
2329,2024-04-12 12:18:00.000,184360,8,5,9,0,5
3193,2024-04-12 12:18:00.000,184368,8,5,9,0,5
4669,2024-04-12 12:18:00.000,184334,8,5,9,0,5
1038,2024-04-12 12:19:30.000,184416,13,5,7,-1,4
1182,2024-04-12 12:19:30.000,184344,13,5,7,-1,4
2114,2024-04-12 12:19:30.000,184302,9,4,5,-1,3
5286,2024-04-12 12:19:30.000,184444,13,5,7,-1,4
242,2024-04-12 12:19:30.000,184346,9,4,7,0,4
4274,2024-04-12 12:19:30.000,184452,9,4,7,0,4
3055,2024-04-12 12:21:00.000,184376,14,4,5,-1,3
4347,2024-04-12 12:21:00.000,184288,10,4,5,-1,3
675,2024-04-12 12:21:00.000,184454,10,4,7,0,4
2043,2024-04-12 12:21:00.000,184420,10,4,7,0,4
2407,2024-04-12 12:21:00.000,184404,14,4,7,0,4
2623,2024-04-12 12:21:00.000,184458,14,4,7,0,4
3549,2024-04-12 12:24:00.000,184448,4,3,5,0,3
3777,2024-04-12 12:24:00.000,184330,16,3,5,0,3
4521,2024-04-12 12:24:00.000,184310,4,3,5,0,3
4425,2024-04-12 12:24:00.000,184298,16,3,7,2,5
4641,2024-04-12 12:24:00.000,184332,16,3,7,2,5
4845,2024-04-12 12:24:00.000,184352,4,3,7,2,5
379,2024-04-12 12:24:22.500,184306,2,5,9,0,5
4123,2024-04-12 12:24:22.500,184400,2,5,9,0,5
5347,2024-04-12 12:24:22.500,184450,2,5,9,0,5
168,2024-04-12 12:25:07.500,184318,7,4,9,2,6
312,2024-04-12 12:25:07.500,184392,7,4,9,2,6
4884,2024-04-12 12:25:07.500,184354,7,4,9,2,6
5166,2024-04-12 12:25:30.000,184432,1,4,5,-1,3
1462,2024-04-12 12:25:30.000,184390,5,4,7,0,4
2682,2024-04-12 12:25:30.000,184296,1,4,7,0,4
3334,2024-04-12 12:25:30.000,184398,5,4,7,0,4
4210,2024-04-12 12:25:30.000,184424,17,4,7,0,4
4450,2024-04-12 12:25:30.000,184304,5,4,7,0,4
4914,2024-04-12 12:25:30.000,184356,1,4,7,0,4
2266,2024-04-12 12:25:30.000,184358,17,4,9,2,6
4606,2024-04-12 12:25:30.000,184328,17,4,9,2,6
4952,2024-04-12 12:25:52.500,184370,3,4,5,-1,3
2900,2024-04-12 12:25:52.500,184374,3,4,7,0,4
3704,2024-04-12 12:25:52.500,184294,15,5,9,0,5
5000,2024-04-12 12:25:52.500,184378,15,5,9,0,5
5072,2024-04-12 12:25:52.500,184410,15,5,9,0,5
5096,2024-04-12 12:25:52.500,184418,3,4,7,0,4
605,2024-04-12 12:26:37.500,184336,12,3,3,-1,2
1541,2024-04-12 12:26:37.500,184286,12,3,5,0,3
893,2024-04-12 12:26:37.500,184402,12,3,7,2,5
4715,2024-04-12 12:27:00.000,184340,18,4,7,0,4
3851,2024-04-12 12:27:00.000,184422,18,4,9,2,6
5327,2024-04-12 12:27:00.000,184446,18,4,9,2,6
97,2024-04-12 12:30:00.000,184282,8,5,7,-1,4
3481,2024-04-12 12:30:00.000,184436,8,5,7,-1,4
5137,2024-04-12 12:30:00.000,184428,8,5,9,0,5
3984,2024-04-12 12:30:22.500,184366,7,4,9,2,6
4056,2024-04-12 12:30:22.500,184440,7,4,10,3,7
966,2024-04-12 12:31:30.000,184408,13,5,7,-1,4
4670,2024-04-12 12:31:30.000,184334,9,4,5,-1,3
2330,2024-04-12 12:31:30.000,184360,9,4,7,0,4
2478,2024-04-12 12:31:30.000,184364,13,5,9,0,5
3194,2024-04-12 12:31:30.000,184368,9,4,7,0,4
4818,2024-04-12 12:31:30.000,184350,13,5,9,0,5
1183,2024-04-12 12:33:00.000,184344,14,4,5,-1,3
243,2024-04-12 12:33:00.000,184346,10,4,7,0,4
1039,2024-04-12 12:33:00.000,184416,14,4,7,0,4
2115,2024-04-12 12:33:00.000,184302,10,4,7,0,4
4275,2024-04-12 12:33:00.000,184452,10,4,7,0,4
5287,2024-04-12 12:33:00.000,184444,14,4,9,2,6
4348,2024-04-12 12:34:30.000,184288,11,4,7,0,4
676,2024-04-12 12:34:30.000,184454,11,4,10,3,7
2044,2024-04-12 12:34:30.000,184420,11,4,10,3,7
1463,2024-04-12 12:35:37.500,184390,6,3,5,0,3
3335,2024-04-12 12:35:37.500,184398,6,3,5,0,3
4451,2024-04-12 12:35:37.500,184304,6,3,5,0,3
2901,2024-04-12 12:36:00.000,184374,4,3,5,0,3
3705,2024-04-12 12:36:00.000,184294,16,3,5,0,3
5001,2024-04-12 12:36:00.000,184378,16,3,5,0,3
5097,2024-04-12 12:36:00.000,184418,4,3,5,0,3
4953,2024-04-12 12:36:00.000,184370,4,3,7,2,5
5073,2024-04-12 12:36:00.000,184410,16,3,7,2,5
4426,2024-04-12 12:37:30.000,184298,17,4,5,-1,3
2754,2024-04-12 12:37:30.000,184322,1,4,7,0,4
3778,2024-04-12 12:37:30.000,184330,17,4,7,0,4
4554,2024-04-12 12:37:30.000,184324,1,4,7,0,4
4642,2024-04-12 12:37:30.000,184332,17,4,7,0,4
4846,2024-04-12 12:37:30.000,184352,5,4,7,0,4
1242,2024-04-12 12:37:30.000,184362,1,4,9,2,6
4522,2024-04-12 12:37:30.000,184310,5,4,9,2,6
3550,2024-04-12 12:37:30.000,184448,5,4,10,3,7
380,2024-04-12 12:37:52.500,184306,3,4,7,0,4
2408,2024-04-12 12:37:52.500,184404,15,5,9,0,5
2624,2024-04-12 12:37:52.500,184458,15,5,9,0,5
3056,2024-04-12 12:37:52.500,184376,15,5,9,0,5
4124,2024-04-12 12:37:52.500,184400,3,4,7,0,4
5348,2024-04-12 12:37:52.500,184450,3,4,7,0,4
4211,2024-04-12 12:39:00.000,184424,18,4,9,2,6
4607,2024-04-12 12:39:00.000,184328,18,4,9,2,6
2267,2024-04-12 12:39:00.000,184358,18,4,10,3,7
169,2024-04-12 12:42:00.000,184318,8,5,9,0,5
313,2024-04-12 12:42:00.000,184392,8,5,9,0,5
4885,2024-04-12 12:42:00.000,184354,8,5,9,0,5
2683,2024-04-12 12:42:22.500,184296,2,5,7,-1,4
4915,2024-04-12 12:42:22.500,184356,2,5,7,-1,4
5167,2024-04-12 12:42:22.500,184432,2,5,9,0,5
98,2024-04-12 12:43:30.000,184282,9,4,5,-1,3
1542,2024-04-12 12:43:30.000,184286,13,5,7,-1,4
606,2024-04-12 12:43:30.000,184336,13,5,9,0,5
894,2024-04-12 12:43:30.000,184402,13,5,9,0,5
3482,2024-04-12 12:43:30.000,184436,9,4,7,0,4
5138,2024-04-12 12:43:30.000,184428,9,4,7,0,4
4349,2024-04-12 12:44:37.500,184288,12,3,3,-1,2
677,2024-04-12 12:44:37.500,184454,12,3,5,0,3
2045,2024-04-12 12:44:37.500,184420,12,3,5,0,3
3195,2024-04-12 12:45:00.000,184368,10,4,7,0,4
4819,2024-04-12 12:45:00.000,184350,14,4,7,0,4
967,2024-04-12 12:45:00.000,184408,14,4,9,2,6
2331,2024-04-12 12:45:00.000,184360,10,4,9,2,6
2479,2024-04-12 12:45:00.000,184364,14,4,9,2,6
4671,2024-04-12 12:45:00.000,184334,10,4,9,2,6
3985,2024-04-12 12:46:00.000,184366,8,5,9,0,5
4057,2024-04-12 12:46:00.000,184440,8,5,9,0,5
4276,2024-04-12 12:46:30.000,184452,11,4,7,0,4
244,2024-04-12 12:46:30.000,184346,11,4,9,2,6
2116,2024-04-12 12:46:30.000,184302,11,4,9,2,6
3551,2024-04-12 12:47:37.500,184448,6,3,5,0,3
4523,2024-04-12 12:47:37.500,184310,6,3,5,0,3
4847,2024-04-12 12:47:37.500,184352,6,3,7,2,5
2625,2024-04-12 12:48:00.000,184458,16,3,3,-1,2
3057,2024-04-12 12:48:00.000,184376,16,3,5,0,3
4125,2024-04-12 12:48:00.000,184400,4,3,5,0,3
381,2024-04-12 12:48:00.000,184306,4,3,7,2,5
2409,2024-04-12 12:48:00.000,184404,16,3,7,2,5
5349,2024-04-12 12:48:00.000,184450,4,3,7,2,5
3336,2024-04-12 12:49:07.500,184398,7,4,7,0,4
4452,2024-04-12 12:49:07.500,184304,7,4,7,0,4
1464,2024-04-12 12:49:07.500,184390,7,4,9,2,6
1098,2024-04-12 12:49:30.000,184284,1,4,7,0,4
1386,2024-04-12 12:49:30.000,184326,1,4,7,0,4
1674,2024-04-12 12:49:30.000,184312,1,4,7,0,4
3706,2024-04-12 12:49:30.000,184294,17,4,7,0,4
5002,2024-04-12 12:49:30.000,184378,17,4,7,0,4
5074,2024-04-12 12:49:30.000,184410,17,4,7,0,4
2902,2024-04-12 12:49:30.000,184374,5,4,9,2,6
4954,2024-04-12 12:49:30.000,184370,5,4,9,2,6
5098,2024-04-12 12:49:30.000,184418,5,4,9,2,6
1040,2024-04-12 12:49:52.500,184416,15,5,9,0,5
1184,2024-04-12 12:49:52.500,184344,15,5,9,0,5
5288,2024-04-12 12:49:52.500,184444,15,5,9,0,5
3779,2024-04-12 12:51:00.000,184330,18,4,7,0,4
4427,2024-04-12 12:51:00.000,184298,18,4,9,2,6
4643,2024-04-12 12:51:00.000,184332,18,4,10,3,7
1243,2024-04-12 12:54:22.500,184362,2,5,9,0,5
2755,2024-04-12 12:54:22.500,184322,2,5,9,0,5
4555,2024-04-12 12:54:22.500,184324,2,5,9,0,5
170,2024-04-12 12:55:30.000,184318,9,4,7,0,4
314,2024-04-12 12:55:30.000,184392,9,4,7,0,4
4886,2024-04-12 12:55:30.000,184354,9,4,7,0,4
4916,2024-04-12 12:55:52.500,184356,3,4,5,-1,3
2684,2024-04-12 12:55:52.500,184296,3,4,7,0,4
5168,2024-04-12 12:55:52.500,184432,3,4,7,0,4
245,2024-04-12 12:56:37.500,184346,12,3,5,0,3
2117,2024-04-12 12:56:37.500,184302,12,3,5,0,3
4277,2024-04-12 12:56:37.500,184452,12,3,5,0,3
99,2024-04-12 12:57:00.000,184282,10,4,7,0,4
895,2024-04-12 12:57:00.000,184402,14,4,7,0,4
1543,2024-04-12 12:57:00.000,184286,14,4,7,0,4
3483,2024-04-12 12:57:00.000,184436,10,4,7,0,4
5139,2024-04-12 12:57:00.000,184428,10,4,7,0,4
607,2024-04-12 12:57:00.000,184336,14,4,9,2,6
3196,2024-04-12 12:58:30.000,184368,11,4,7,0,4
3986,2024-04-12 12:58:30.000,184366,9,4,7,0,4
4058,2024-04-12 12:58:30.000,184440,9,4,7,0,4
4672,2024-04-12 12:58:30.000,184334,11,4,7,0,4
2332,2024-04-12 12:58:30.000,184360,11,4,12,5,9
2903,2024-04-12 12:59:37.500,184374,6,3,5,0,3
4955,2024-04-12 12:59:37.500,184370,6,3,5,0,3
5099,2024-04-12 12:59:37.500,184418,6,3,5,0,3
1041,2024-04-12 13:00:00.000,184416,16,3,5,0,3
1185,2024-04-12 13:00:00.000,184344,16,3,5,0,3
5289,2024-04-12 13:00:00.000,184444,16,3,7,2,5
3552,2024-04-12 13:01:07.500,184448,7,4,7,0,4
4524,2024-04-12 13:01:07.500,184310,7,4,9,2,6
4848,2024-04-12 13:01:07.500,184352,7,4,9,2,6
2046,2024-04-12 13:01:30.000,184420,13,5,7,-1,4
4350,2024-04-12 13:01:30.000,184288,13,5,7,-1,4
382,2024-04-12 13:01:30.000,184306,5,4,7,0,4
1314,2024-04-12 13:01:30.000,184430,1,4,7,0,4
2410,2024-04-12 13:01:30.000,184404,17,4,7,0,4
2626,2024-04-12 13:01:30.000,184458,17,4,7,0,4
3058,2024-04-12 13:01:30.000,184376,17,4,7,0,4
3906,2024-04-12 13:01:30.000,184314,1,4,7,0,4
5350,2024-04-12 13:01:30.000,184450,5,4,7,0,4
678,2024-04-12 13:01:30.000,184454,13,5,10,2,7
3114,2024-04-12 13:01:30.000,184388,1,4,9,2,6
4126,2024-04-12 13:01:30.000,184400,5,4,9,2,6
968,2024-04-12 13:01:52.500,184408,15,5,9,0,5
2480,2024-04-12 13:01:52.500,184364,15,5,9,0,5
4820,2024-04-12 13:01:52.500,184350,15,5,10,2,7
3707,2024-04-12 13:03:00.000,184294,18,4,7,0,4
5003,2024-04-12 13:03:00.000,184378,18,4,7,0,4
5075,2024-04-12 13:03:00.000,184410,18,4,7,0,4
2685,2024-04-12 13:06:00.000,184296,4,3,5,0,3
3337,2024-04-12 13:06:00.000,184398,8,5,9,0,5
4453,2024-04-12 13:06:00.000,184304,8,5,9,0,5
1465,2024-04-12 13:06:00.000,184390,8,5,10,2,7
4917,2024-04-12 13:06:00.000,184356,4,3,7,2,5
5169,2024-04-12 13:06:00.000,184432,4,3,7,2,5
1387,2024-04-12 13:06:22.500,184326,2,5,7,-1,4
1675,2024-04-12 13:06:22.500,184312,2,5,7,-1,4
1099,2024-04-12 13:06:22.500,184284,2,5,9,0,5
2756,2024-04-12 13:07:52.500,184322,3,4,7,0,4
4556,2024-04-12 13:07:52.500,184324,3,4,7,0,4
1244,2024-04-12 13:07:52.500,184362,3,4,9,2,6
2333,2024-04-12 13:08:37.500,184360,12,3,5,0,3
4673,2024-04-12 13:08:37.500,184334,12,3,5,0,3
3197,2024-04-12 13:08:37.500,184368,12,3,9,3,6
171,2024-04-12 13:09:00.000,184318,10,4,7,0,4
315,2024-04-12 13:09:00.000,184392,10,4,7,0,4
4887,2024-04-12 13:09:00.000,184354,10,4,9,2,6
100,2024-04-12 13:10:30.000,184282,11,4,7,0,4
3484,2024-04-12 13:10:30.000,184436,11,4,7,0,4
5140,2024-04-12 13:10:30.000,184428,11,4,9,2,6
4059,2024-04-12 13:11:00.000,184440,10,4,7,0,4
3987,2024-04-12 13:11:00.000,184366,10,4,9,2,6
4127,2024-04-12 13:11:37.500,184400,6,3,3,-1,2
383,2024-04-12 13:11:37.500,184306,6,3,5,0,3
5351,2024-04-12 13:11:37.500,184450,6,3,5,0,3
969,2024-04-12 13:12:00.000,184408,16,3,5,0,3
2481,2024-04-12 13:12:00.000,184364,16,3,5,0,3
4821,2024-04-12 13:12:00.000,184350,16,3,7,2,5
2904,2024-04-12 13:13:07.500,184374,7,4,7,0,4
4956,2024-04-12 13:13:07.500,184370,7,4,9,2,6
5100,2024-04-12 13:13:07.500,184418,7,4,9,2,6
246,2024-04-12 13:13:30.000,184346,13,5,9,0,5
1962,2024-04-12 13:13:30.000,184396,1,4,7,0,4
2118,2024-04-12 13:13:30.000,184302,13,5,9,0,5
2826,2024-04-12 13:13:30.000,184338,1,4,7,0,4
4278,2024-04-12 13:13:30.000,184452,13,5,9,0,5
5290,2024-04-12 13:13:30.000,184444,17,4,7,0,4
1042,2024-04-12 13:13:30.000,184416,17,4,9,2,6
1186,2024-04-12 13:13:30.000,184344,17,4,9,2,6
5202,2024-04-12 13:13:30.000,184434,1,4,9,2,6
896,2024-04-12 13:13:52.500,184402,15,5,7,-1,4
1544,2024-04-12 13:13:52.500,184286,15,5,7,-1,4
608,2024-04-12 13:13:52.500,184336,15,5,10,2,7
679,2024-04-12 13:15:00.000,184454,14,4,5,-1,3
2411,2024-04-12 13:15:00.000,184404,18,4,7,0,4
2627,2024-04-12 13:15:00.000,184458,18,4,7,0,4
3059,2024-04-12 13:15:00.000,184376,18,4,7,0,4
4351,2024-04-12 13:15:00.000,184288,14,4,7,0,4
2047,2024-04-12 13:15:00.000,184420,14,4,9,2,6
3553,2024-04-12 13:18:00.000,184448,8,5,5,-3,2
2757,2024-04-12 13:18:00.000,184322,4,3,5,0,3
4525,2024-04-12 13:18:00.000,184310,8,5,9,0,5
4557,2024-04-12 13:18:00.000,184324,4,3,5,0,3
4849,2024-04-12 13:18:00.000,184352,8,5,9,0,5
1245,2024-04-12 13:18:00.000,184362,4,3,7,2,5
1315,2024-04-12 13:18:22.500,184430,2,5,7,-1,4
3115,2024-04-12 13:18:22.500,184388,2,5,7,-1,4
3907,2024-04-12 13:18:22.500,184314,2,5,9,0,5
1466,2024-04-12 13:19:30.000,184390,9,4,7,0,4
2686,2024-04-12 13:19:30.000,184296,5,4,7,0,4
4454,2024-04-12 13:19:30.000,184304,9,4,7,0,4
4918,2024-04-12 13:19:30.000,184356,5,4,7,0,4
3338,2024-04-12 13:19:30.000,184398,9,4,9,2,6
5170,2024-04-12 13:19:30.000,184432,5,4,9,2,6
1100,2024-04-12 13:19:52.500,184284,3,4,7,0,4
1676,2024-04-12 13:19:52.500,184312,3,4,7,0,4
1388,2024-04-12 13:19:52.500,184326,3,4,9,2,6
101,2024-04-12 13:20:37.500,184282,12,3,3,-1,2
3485,2024-04-12 13:20:37.500,184436,12,3,5,0,3
5141,2024-04-12 13:20:37.500,184428,12,3,5,0,3
172,2024-04-12 13:22:30.000,184318,11,4,7,0,4
316,2024-04-12 13:22:30.000,184392,11,4,7,0,4
4888,2024-04-12 13:22:30.000,184354,11,4,9,2,6
3988,2024-04-12 13:23:30.000,184366,11,4,7,0,4
4060,2024-04-12 13:23:30.000,184440,11,4,7,0,4
1545,2024-04-12 13:24:00.000,184286,16,3,3,-1,2
609,2024-04-12 13:24:00.000,184336,16,3,5,0,3
897,2024-04-12 13:24:00.000,184402,16,3,5,0,3
384,2024-04-12 13:25:07.500,184306,7,4,5,-1,3
4128,2024-04-12 13:25:07.500,184400,7,4,7,0,4
5352,2024-04-12 13:25:07.500,184450,7,4,9,2,6
3198,2024-04-12 13:25:30.000,184368,13,5,7,-1,4
4822,2024-04-12 13:25:30.000,184350,17,4,5,-1,3
970,2024-04-12 13:25:30.000,184408,17,4,7,0,4
1602,2024-04-12 13:25:30.000,184290,1,4,7,0,4
2482,2024-04-12 13:25:30.000,184364,17,4,7,0,4
4674,2024-04-12 13:25:30.000,184334,13,5,9,0,5
1818,2024-04-12 13:25:30.000,184372,1,4,9,2,6
2178,2024-04-12 13:25:30.000,184320,1,4,9,2,6
2334,2024-04-12 13:25:30.000,184360,13,5,10,2,7
5291,2024-04-12 13:27:00.000,184444,18,4,5,-1,3
247,2024-04-12 13:27:00.000,184346,14,4,7,0,4
1043,2024-04-12 13:27:00.000,184416,18,4,7,0,4
2119,2024-04-12 13:27:00.000,184302,14,4,7,0,4
1187,2024-04-12 13:27:00.000,184344,18,4,9,2,6
4279,2024-04-12 13:27:00.000,184452,14,4,9,2,6
2687,2024-04-12 13:29:37.500,184296,6,3,5,0,3
4919,2024-04-12 13:29:37.500,184356,6,3,7,2,5
5171,2024-04-12 13:29:37.500,184432,6,3,7,2,5
2905,2024-04-12 13:30:00.000,184374,8,5,7,-1,4
5101,2024-04-12 13:30:00.000,184418,8,5,9,0,5
1101,2024-04-12 13:30:00.000,184284,4,3,7,2,5
1389,2024-04-12 13:30:00.000,184326,4,3,7,2,5
1677,2024-04-12 13:30:00.000,184312,4,3,7,2,5
4957,2024-04-12 13:30:00.000,184370,8,5,10,2,7
2827,2024-04-12 13:30:22.500,184338,2,5,7,-1,4
5203,2024-04-12 13:30:22.500,184434,2,5,7,-1,4
1963,2024-04-12 13:30:22.500,184396,2,5,9,0,5
4526,2024-04-12 13:31:30.000,184310,9,4,5,-1,3
2758,2024-04-12 13:31:30.000,184322,5,4,7,0,4
3554,2024-04-12 13:31:30.000,184448,9,4,7,0,4
4558,2024-04-12 13:31:30.000,184324,5,4,7,0,4
4850,2024-04-12 13:31:30.000,184352,9,4,7,0,4
1246,2024-04-12 13:31:30.000,184362,5,4,9,2,6
2048,2024-04-12 13:31:52.500,184420,15,5,7,-1,4
680,2024-04-12 13:31:52.500,184454,15,5,9,0,5
1316,2024-04-12 13:31:52.500,184430,3,4,7,0,4
3116,2024-04-12 13:31:52.500,184388,3,4,7,0,4
3908,2024-04-12 13:31:52.500,184314,3,4,7,0,4
4352,2024-04-12 13:31:52.500,184288,15,5,10,2,7
173,2024-04-12 13:32:37.500,184318,12,3,5,0,3
317,2024-04-12 13:32:37.500,184392,12,3,5,0,3
4889,2024-04-12 13:32:37.500,184354,12,3,5,0,3
3989,2024-04-12 13:32:52.500,184366,12,3,3,-1,2
4061,2024-04-12 13:32:52.500,184440,12,3,3,-1,2
3339,2024-04-12 13:33:00.000,184398,10,4,7,0,4
4455,2024-04-12 13:33:00.000,184304,10,4,7,0,4
1467,2024-04-12 13:33:00.000,184390,10,4,9,2,6
102,2024-04-12 13:37:30.000,184282,13,5,7,-1,4
610,2024-04-12 13:37:30.000,184336,17,4,7,0,4
898,2024-04-12 13:37:30.000,184402,17,4,7,0,4
1546,2024-04-12 13:37:30.000,184286,17,4,7,0,4
2970,2024-04-12 13:37:30.000,184380,1,4,7,0,4
3486,2024-04-12 13:37:30.000,184436,13,5,9,0,5
5238,2024-04-12 13:37:30.000,184438,1,4,7,0,4
738,2024-04-12 13:37:30.000,184456,1,4,9,2,6
5142,2024-04-12 13:37:30.000,184428,13,5,10,2,7
2483,2024-04-12 13:39:00.000,184364,18,4,5,-1,3
4675,2024-04-12 13:39:00.000,184334,14,4,5,-1,3
971,2024-04-12 13:39:00.000,184408,18,4,7,0,4
2335,2024-04-12 13:39:00.000,184360,14,4,7,0,4
3199,2024-04-12 13:39:00.000,184368,14,4,7,0,4
4823,2024-04-12 13:39:00.000,184350,18,4,7,0,4
2759,2024-04-12 13:41:37.500,184322,6,3,5,0,3
4559,2024-04-12 13:41:37.500,184324,6,3,5,0,3
1247,2024-04-12 13:41:37.500,184362,6,3,7,2,5
385,2024-04-12 13:42:00.000,184306,8,5,9,0,5
681,2024-04-12 13:42:00.000,184454,16,3,5,0,3
1317,2024-04-12 13:42:00.000,184430,4,3,5,0,3
2049,2024-04-12 13:42:00.000,184420,16,3,5,0,3
3117,2024-04-12 13:42:00.000,184388,4,3,5,0,3
4129,2024-04-12 13:42:00.000,184400,8,5,9,0,5
5353,2024-04-12 13:42:00.000,184450,8,5,9,0,5
3909,2024-04-12 13:42:00.000,184314,4,3,9,3,6
4353,2024-04-12 13:42:00.000,184288,16,3,9,3,6
2179,2024-04-12 13:42:22.500,184320,2,5,7,-1,4
1819,2024-04-12 13:42:22.500,184372,2,5,9,0,5
1603,2024-04-12 13:42:22.500,184290,2,5,10,2,7
2688,2024-04-12 13:43:07.500,184296,7,4,7,0,4
4920,2024-04-12 13:43:07.500,184356,7,4,7,0,4
5172,2024-04-12 13:43:07.500,184432,7,4,7,0,4
1390,2024-04-12 13:43:30.000,184326,5,4,5,-1,3
1102,2024-04-12 13:43:30.000,184284,5,4,7,0,4
2906,2024-04-12 13:43:30.000,184374,9,4,7,0,4
5102,2024-04-12 13:43:30.000,184418,9,4,7,0,4
1678,2024-04-12 13:43:30.000,184312,5,4,9,2,6
4958,2024-04-12 13:43:30.000,184370,9,4,9,2,6
4280,2024-04-12 13:43:52.500,184452,15,5,7,-1,4
248,2024-04-12 13:43:52.500,184346,15,5,9,0,5
1964,2024-04-12 13:43:52.500,184396,3,4,7,0,4
2120,2024-04-12 13:43:52.500,184302,15,5,9,0,5
2828,2024-04-12 13:43:52.500,184338,3,4,9,2,6
5204,2024-04-12 13:43:52.500,184434,3,4,9,2,6
3555,2024-04-12 13:45:00.000,184448,10,4,5,-1,3
4527,2024-04-12 13:45:00.000,184310,10,4,7,0,4
4851,2024-04-12 13:45:00.000,184352,10,4,7,0,4
1468,2024-04-12 13:46:30.000,184390,11,4,7,0,4
3340,2024-04-12 13:46:30.000,184398,11,4,7,0,4
4456,2024-04-12 13:46:30.000,184304,11,4,10,3,7
3990,2024-04-12 13:48:30.000,184366,13,5,9,0,5
4062,2024-04-12 13:48:30.000,184440,13,5,9,0,5
318,2024-04-12 13:49:30.000,184392,13,5,7,-1,4
4890,2024-04-12 13:49:30.000,184354,13,5,7,-1,4
174,2024-04-12 13:49:30.000,184318,13,5,9,0,5
1746,2024-04-12 13:49:30.000,184316,1,4,7,0,4
3402,2024-04-12 13:49:30.000,184406,1,4,7,0,4
4482,2024-04-12 13:49:30.000,184308,1,4,7,0,4
103,2024-04-12 13:51:00.000,184282,14,4,7,0,4
611,2024-04-12 13:51:00.000,184336,18,4,7,0,4
899,2024-04-12 13:51:00.000,184402,18,4,7,0,4
3487,2024-04-12 13:51:00.000,184436,14,4,7,0,4
5143,2024-04-12 13:51:00.000,184428,14,4,7,0,4
1547,2024-04-12 13:51:00.000,184286,18,4,9,2,6
1103,2024-04-12 13:53:37.500,184284,6,3,5,0,3
1391,2024-04-12 13:53:37.500,184326,6,3,5,0,3
1679,2024-04-12 13:53:37.500,184312,6,3,5,0,3
249,2024-04-12 13:54:00.000,184346,16,3,5,0,3
2121,2024-04-12 13:54:00.000,184302,16,3,5,0,3
2829,2024-04-12 13:54:00.000,184338,4,3,5,0,3
4281,2024-04-12 13:54:00.000,184452,16,3,5,0,3
1965,2024-04-12 13:54:00.000,184396,4,3,7,2,5
5205,2024-04-12 13:54:00.000,184434,4,3,7,2,5
2971,2024-04-12 13:54:22.500,184380,2,5,7,-1,4
739,2024-04-12 13:54:22.500,184456,2,5,9,0,5
5239,2024-04-12 13:54:22.500,184438,2,5,9,0,5
1248,2024-04-12 13:55:07.500,184362,7,4,7,0,4
2760,2024-04-12 13:55:07.500,184322,7,4,7,0,4
4560,2024-04-12 13:55:07.500,184324,7,4,9,2,6
386,2024-04-12 13:55:30.000,184306,9,4,7,0,4
682,2024-04-12 13:55:30.000,184454,17,4,7,0,4
1318,2024-04-12 13:55:30.000,184430,5,4,7,0,4
2050,2024-04-12 13:55:30.000,184420,17,4,7,0,4
3910,2024-04-12 13:55:30.000,184314,5,4,7,0,4
4130,2024-04-12 13:55:30.000,184400,9,4,7,0,4
3118,2024-04-12 13:55:30.000,184388,5,4,9,2,6
4354,2024-04-12 13:55:30.000,184288,17,4,9,2,6
5354,2024-04-12 13:55:30.000,184450,9,4,9,2,6
1604,2024-04-12 13:55:52.500,184290,3,4,3,-3,1
2336,2024-04-12 13:55:52.500,184360,15,5,7,-1,4
4676,2024-04-12 13:55:52.500,184334,15,5,7,-1,4
1820,2024-04-12 13:55:52.500,184372,3,4,7,0,4
2180,2024-04-12 13:55:52.500,184320,3,4,7,0,4
3200,2024-04-12 13:55:52.500,184368,15,5,9,0,5
1469,2024-04-12 13:56:37.500,184390,12,3,7,2,5
4457,2024-04-12 13:56:37.500,184304,12,3,7,2,5
3341,2024-04-12 13:56:37.500,184398,12,3,10,5,8
4959,2024-04-12 13:57:00.000,184370,10,4,5,-1,3
2907,2024-04-12 13:57:00.000,184374,10,4,7,0,4
5103,2024-04-12 13:57:00.000,184418,10,4,9,2,6
3556,2024-04-12 13:58:30.000,184448,11,4,7,0,4
4528,2024-04-12 13:58:30.000,184310,11,4,7,0,4
4852,2024-04-12 13:58:30.000,184352,11,4,9,2,6
2689,2024-04-12 14:00:00.000,184296,8,5,9,0,5
4921,2024-04-12 14:00:00.000,184356,8,5,9,0,5
5173,2024-04-12 14:00:00.000,184432,8,5,9,0,5
4063,2024-04-12 14:01:00.000,184440,14,4,7,0,4
3991,2024-04-12 14:01:00.000,184366,14,4,9,2,6
18,2024-04-12 14:01:30.000,184414,1,4,7,0,4
522,2024-04-12 14:01:30.000,184412,1,4,7,0,4
1890,2024-04-12 14:01:30.000,184384,1,4,7,0,4
175,2024-04-12 14:03:00.000,184318,14,4,7,0,4
319,2024-04-12 14:03:00.000,184392,14,4,7,0,4
4891,2024-04-12 14:03:00.000,184354,14,4,7,0,4
1319,2024-04-12 14:05:37.500,184430,6,3,5,0,3
3119,2024-04-12 14:05:37.500,184388,6,3,5,0,3
3911,2024-04-12 14:05:37.500,184314,6,3,5,0,3
1605,2024-04-12 14:06:00.000,184290,4,3,5,0,3
1821,2024-04-12 14:06:00.000,184372,4,3,5,0,3
4677,2024-04-12 14:06:00.000,184334,16,3,5,0,3
2181,2024-04-12 14:06:00.000,184320,4,3,7,2,5
2337,2024-04-12 14:06:00.000,184360,16,3,7,2,5
3201,2024-04-12 14:06:00.000,184368,16,3,7,2,5
1747,2024-04-12 14:06:22.500,184316,2,5,7,-1,4
3403,2024-04-12 14:06:22.500,184406,2,5,9,0,5
4483,2024-04-12 14:06:22.500,184308,2,5,10,2,7
1104,2024-04-12 14:07:07.500,184284,7,4,7,0,4
1392,2024-04-12 14:07:07.500,184326,7,4,7,0,4
1680,2024-04-12 14:07:07.500,184312,7,4,7,0,4
250,2024-04-12 14:07:30.000,184346,17,4,7,0,4
1966,2024-04-12 14:07:30.000,184396,5,4,7,0,4
2122,2024-04-12 14:07:30.000,184302,17,4,7,0,4
2830,2024-04-12 14:07:30.000,184338,5,4,7,0,4
4282,2024-04-12 14:07:30.000,184452,17,4,7,0,4
5206,2024-04-12 14:07:30.000,184434,5,4,9,2,6
5144,2024-04-12 14:07:52.500,184428,15,5,7,-1,4
104,2024-04-12 14:07:52.500,184282,15,5,9,0,5
740,2024-04-12 14:07:52.500,184456,3,4,7,0,4
3488,2024-04-12 14:07:52.500,184436,15,5,9,0,5
2972,2024-04-12 14:07:52.500,184380,3,4,9,2,6
5240,2024-04-12 14:07:52.500,184438,3,4,9,2,6
3557,2024-04-12 14:08:37.500,184448,12,3,7,2,5
4529,2024-04-12 14:08:37.500,184310,12,3,7,2,5
4853,2024-04-12 14:08:37.500,184352,12,3,9,3,6
5355,2024-04-12 14:09:00.000,184450,10,4,5,-1,3
387,2024-04-12 14:09:00.000,184306,10,4,7,0,4
4355,2024-04-12 14:09:00.000,184288,18,4,7,0,4
683,2024-04-12 14:09:00.000,184454,18,4,9,2,6
2051,2024-04-12 14:09:00.000,184420,18,4,9,2,6
4131,2024-04-12 14:09:00.000,184400,10,4,9,2,6
2908,2024-04-12 14:10:30.000,184374,11,4,7,0,4
4960,2024-04-12 14:10:30.000,184370,11,4,7,0,4
5104,2024-04-12 14:10:30.000,184418,11,4,10,3,7
1249,2024-04-12 14:12:00.000,184362,8,5,7,-1,4
2761,2024-04-12 14:12:00.000,184322,8,5,7,-1,4
4561,2024-04-12 14:12:00.000,184324,8,5,9,0,5
4458,2024-04-12 14:13:30.000,184304,13,5,7,-1,4
1470,2024-04-12 14:13:30.000,184390,13,5,9,0,5
3342,2024-04-12 14:13:30.000,184398,13,5,9,0,5
4374,2024-04-12 14:13:30.000,184292,1,4,7,0,4
4922,2024-04-12 14:13:30.000,184356,9,4,7,0,4
5174,2024-04-12 14:13:30.000,184432,9,4,7,0,4
450,2024-04-12 14:13:30.000,184426,1,4,9,2,6
2690,2024-04-12 14:13:30.000,184296,9,4,9,2,6
4770,2024-04-12 14:13:30.000,184348,1,4,9,2,6
3992,2024-04-12 14:16:37.500,184366,15,5,9,0,5
4064,2024-04-12 14:16:37.500,184440,15,5,9,0,5
1967,2024-04-12 14:17:37.500,184396,6,3,5,0,3
2831,2024-04-12 14:17:37.500,184338,6,3,5,0,3
5207,2024-04-12 14:17:37.500,184434,6,3,5,0,3
105,2024-04-12 14:18:00.000,184282,16,3,3,-1,2
5241,2024-04-12 14:18:00.000,184438,4,3,3,-1,2
3489,2024-04-12 14:18:00.000,184436,16,3,5,0,3
5145,2024-04-12 14:18:00.000,184428,16,3,5,0,3
741,2024-04-12 14:18:00.000,184456,4,3,7,2,5
2973,2024-04-12 14:18:00.000,184380,4,3,7,2,5
19,2024-04-12 14:18:22.500,184414,2,5,7,-1,4
523,2024-04-12 14:18:22.500,184412,2,5,9,0,5
1891,2024-04-12 14:18:22.500,184384,2,5,9,0,5
3120,2024-04-12 14:19:07.500,184388,7,4,5,-1,3
3912,2024-04-12 14:19:07.500,184314,7,4,5,-1,3
1320,2024-04-12 14:19:07.500,184430,7,4,7,0,4
2338,2024-04-12 14:19:30.000,184360,17,4,5,-1,3
1606,2024-04-12 14:19:30.000,184290,5,4,7,0,4
1822,2024-04-12 14:19:30.000,184372,5,4,7,0,4
2182,2024-04-12 14:19:30.000,184320,5,4,7,0,4
3202,2024-04-12 14:19:30.000,184368,17,4,7,0,4
4678,2024-04-12 14:19:30.000,184334,17,4,7,0,4
176,2024-04-12 14:19:52.500,184318,15,5,7,-1,4
320,2024-04-12 14:19:52.500,184392,15,5,9,0,5
1748,2024-04-12 14:19:52.500,184316,3,4,7,0,4
4484,2024-04-12 14:19:52.500,184308,3,4,7,0,4
4892,2024-04-12 14:19:52.500,184354,15,5,9,0,5
3404,2024-04-12 14:19:52.500,184406,3,4,9,2,6
2909,2024-04-12 14:20:37.500,184374,12,3,5,0,3
4961,2024-04-12 14:20:37.500,184370,12,3,5,0,3
5105,2024-04-12 14:20:37.500,184418,12,3,7,2,5
251,2024-04-12 14:21:00.000,184346,18,4,7,0,4
4283,2024-04-12 14:21:00.000,184452,18,4,7,0,4
2123,2024-04-12 14:21:00.000,184302,18,4,9,2,6
4132,2024-04-12 14:22:30.000,184400,11,4,7,0,4
388,2024-04-12 14:22:30.000,184306,11,4,9,2,6
5356,2024-04-12 14:22:30.000,184450,11,4,9,2,6
1105,2024-04-12 14:24:00.000,184284,8,5,7,-1,4
1393,2024-04-12 14:24:00.000,184326,8,5,9,0,5
1681,2024-04-12 14:24:00.000,184312,8,5,9,0,5
1250,2024-04-12 14:25:30.000,184362,9,4,5,-1,3
4854,2024-04-12 14:25:30.000,184352,13,5,7,-1,4
2762,2024-04-12 14:25:30.000,184322,9,4,7,0,4
3558,2024-04-12 14:25:30.000,184448,13,5,9,0,5
4530,2024-04-12 14:25:30.000,184310,13,5,9,0,5
4562,2024-04-12 14:25:30.000,184324,9,4,7,0,4
3993,2024-04-12 14:26:00.000,184366,16,3,5,0,3
4065,2024-04-12 14:26:00.000,184440,16,3,7,2,5
1471,2024-04-12 14:27:00.000,184390,14,4,7,0,4
3343,2024-04-12 14:27:00.000,184398,14,4,7,0,4
4459,2024-04-12 14:27:00.000,184304,14,4,7,0,4
4923,2024-04-12 14:27:00.000,184356,10,4,7,0,4
5175,2024-04-12 14:27:00.000,184432,10,4,9,2,6
2691,2024-04-12 14:27:00.000,184296,10,4,10,3,7
1607,2024-04-12 14:29:37.500,184290,6,3,5,0,3
1823,2024-04-12 14:29:37.500,184372,6,3,5,0,3
2183,2024-04-12 14:29:37.500,184320,6,3,5,0,3
321,2024-04-12 14:30:00.000,184392,16,3,3,-1,2
177,2024-04-12 14:30:00.000,184318,16,3,5,0,3
1749,2024-04-12 14:30:00.000,184316,4,3,5,0,3
3405,2024-04-12 14:30:00.000,184406,4,3,5,0,3
4485,2024-04-12 14:30:00.000,184308,4,3,5,0,3
4893,2024-04-12 14:30:00.000,184354,16,3,5,0,3
451,2024-04-12 14:30:22.500,184426,2,5,7,-1,4
4375,2024-04-12 14:30:22.500,184292,2,5,7,-1,4
4771,2024-04-12 14:30:22.500,184348,2,5,10,5,10
1968,2024-04-12 14:31:07.500,184396,7,4,9,2,6
2832,2024-04-12 14:31:07.500,184338,7,4,9,2,6
5208,2024-04-12 14:31:07.500,184434,7,4,9,2,6
106,2024-04-12 14:31:30.000,184282,17,4,7,0,4
742,2024-04-12 14:31:30.000,184456,5,4,7,0,4
2974,2024-04-12 14:31:30.000,184380,5,4,7,0,4
3490,2024-04-12 14:31:30.000,184436,17,4,7,0,4
5146,2024-04-12 14:31:30.000,184428,17,4,9,2,6
5242,2024-04-12 14:31:30.000,184438,5,4,9,2,6
20,2024-04-12 14:31:52.500,184414,3,4,7,0,4
524,2024-04-12 14:31:52.500,184412,3,4,7,0,4
1892,2024-04-12 14:31:52.500,184384,3,4,7,0,4
389,2024-04-12 14:32:37.500,184306,12,3,3,-1,2
4133,2024-04-12 14:32:37.500,184400,12,3,9,3,6
5357,2024-04-12 14:32:37.500,184450,12,3,9,3,6
3203,2024-04-12 14:33:00.000,184368,18,4,7,0,4
4679,2024-04-12 14:33:00.000,184334,18,4,9,2,6
2339,2024-04-12 14:33:00.000,184360,18,4,10,3,7
3121,2024-04-12 14:36:00.000,184388,8,5,7,-1,4
1321,2024-04-12 14:36:00.000,184430,8,5,10,2,7
3913,2024-04-12 14:36:00.000,184314,8,5,10,2,7
1394,2024-04-12 14:37:30.000,184326,9,4,7,0,4
1682,2024-04-12 14:37:30.000,184312,9,4,7,0,4
2910,2024-04-12 14:37:30.000,184374,13,5,9,0,5
4962,2024-04-12 14:37:30.000,184370,13,5,9,0,5
5106,2024-04-12 14:37:30.000,184418,13,5,9,0,5
1106,2024-04-12 14:37:30.000,184284,9,4,9,2,6
3994,2024-04-12 14:38:30.000,184366,17,4,7,0,4
4066,2024-04-12 14:38:30.000,184440,17,4,7,0,4
1251,2024-04-12 14:39:00.000,184362,10,4,5,-1,3
2763,2024-04-12 14:39:00.000,184322,10,4,7,0,4
3559,2024-04-12 14:39:00.000,184448,14,4,7,0,4
4563,2024-04-12 14:39:00.000,184324,10,4,7,0,4
4855,2024-04-12 14:39:00.000,184352,14,4,9,2,6
4531,2024-04-12 14:39:00.000,184310,14,4,10,3,7
4924,2024-04-12 14:40:30.000,184356,11,4,7,0,4
5176,2024-04-12 14:40:30.000,184432,11,4,9,2,6
2692,2024-04-12 14:40:30.000,184296,11,4,10,3,7
2975,2024-04-12 14:41:37.500,184380,6,3,3,-1,2
743,2024-04-12 14:41:37.500,184456,6,3,5,0,3
5243,2024-04-12 14:41:37.500,184438,6,3,5,0,3
21,2024-04-12 14:42:00.000,184414,4,3,5,0,3
525,2024-04-12 14:42:00.000,184412,4,3,5,0,3
1893,2024-04-12 14:42:00.000,184384,4,3,5,0,3
1608,2024-04-12 14:43:07.500,184290,7,4,5,-1,3
1824,2024-04-12 14:43:07.500,184372,7,4,7,0,4
2184,2024-04-12 14:43:07.500,184320,7,4,7,0,4
178,2024-04-12 14:43:30.000,184318,17,4,7,0,4
1750,2024-04-12 14:43:30.000,184316,5,4,7,0,4
3406,2024-04-12 14:43:30.000,184406,5,4,7,0,4
322,2024-04-12 14:43:30.000,184392,17,4,9,2,6
4486,2024-04-12 14:43:30.000,184308,5,4,9,2,6
4894,2024-04-12 14:43:30.000,184354,17,4,9,2,6
452,2024-04-12 14:43:52.500,184426,3,4,7,0,4
1472,2024-04-12 14:43:52.500,184390,15,5,9,0,5
3344,2024-04-12 14:43:52.500,184398,15,5,9,0,5
4376,2024-04-12 14:43:52.500,184292,3,4,7,0,4
4460,2024-04-12 14:43:52.500,184304,15,5,9,0,5
4772,2024-04-12 14:43:52.500,184348,3,4,7,0,4
3491,2024-04-12 14:45:00.000,184436,18,4,7,0,4
5147,2024-04-12 14:45:00.000,184428,18,4,7,0,4
107,2024-04-12 14:45:00.000,184282,18,4,9,2,6
1969,2024-04-12 14:48:00.000,184396,8,5,7,-1,4
2833,2024-04-12 14:48:00.000,184338,8,5,9,0,5
5209,2024-04-12 14:48:00.000,184434,8,5,10,2,7
390,2024-04-12 14:49:30.000,184306,13,5,7,-1,4
1322,2024-04-12 14:49:30.000,184430,9,4,5,-1,3
3122,2024-04-12 14:49:30.000,184388,9,4,7,0,4
3914,2024-04-12 14:49:30.000,184314,9,4,7,0,4
4134,2024-04-12 14:49:30.000,184400,13,5,9,0,5
5358,2024-04-12 14:49:30.000,184450,13,5,12,3,8
2693,2024-04-12 14:50:37.500,184296,12,3,3,-1,2
5177,2024-04-12 14:50:37.500,184432,12,3,5,0,3
4925,2024-04-12 14:50:37.500,184356,12,3,10,5,8
1395,2024-04-12 14:51:00.000,184326,10,4,5,-1,3
1683,2024-04-12 14:51:00.000,184312,10,4,5,-1,3
2911,2024-04-12 14:51:00.000,184374,14,4,7,0,4
1107,2024-04-12 14:51:00.000,184284,10,4,9,2,6
3995,2024-04-12 14:51:00.000,184366,18,4,9,2,6
4067,2024-04-12 14:51:00.000,184440,18,4,9,2,6
4963,2024-04-12 14:51:00.000,184370,14,4,9,2,6
5107,2024-04-12 14:51:00.000,184418,14,4,9,2,6
1252,2024-04-12 14:52:30.000,184362,11,4,7,0,4
2764,2024-04-12 14:52:30.000,184322,11,4,9,2,6
4564,2024-04-12 14:52:30.000,184324,11,4,9,2,6
1751,2024-04-12 14:53:37.500,184316,6,3,5,0,3
3407,2024-04-12 14:53:37.500,184406,6,3,7,2,5
4487,2024-04-12 14:53:37.500,184308,6,3,7,2,5
3345,2024-04-12 14:54:00.000,184398,16,3,3,-1,2
453,2024-04-12 14:54:00.000,184426,4,3,5,0,3
1473,2024-04-12 14:54:00.000,184390,16,3,5,0,3
4377,2024-04-12 14:54:00.000,184292,4,3,5,0,3
4461,2024-04-12 14:54:00.000,184304,16,3,5,0,3
4773,2024-04-12 14:54:00.000,184348,4,3,9,3,6
744,2024-04-12 14:55:07.500,184456,7,4,5,-1,3
2976,2024-04-12 14:55:07.500,184380,7,4,7,0,4
5244,2024-04-12 14:55:07.500,184438,7,4,7,0,4
526,2024-04-12 14:55:30.000,184412,5,4,7,0,4
22,2024-04-12 14:55:30.000,184414,5,4,9,2,6
1894,2024-04-12 14:55:30.000,184384,5,4,9,2,6
3560,2024-04-12 14:55:52.500,184448,15,5,9,0,5
4532,2024-04-12 14:55:52.500,184310,15,5,9,0,5
4856,2024-04-12 14:55:52.500,184352,15,5,9,0,5
179,2024-04-12 14:57:00.000,184318,18,4,5,-1,3
323,2024-04-12 14:57:00.000,184392,18,4,5,-1,3
4895,2024-04-12 14:57:00.000,184354,18,4,9,2,6
1825,2024-04-12 15:00:00.000,184372,8,5,7,-1,4
1609,2024-04-12 15:00:00.000,184290,8,5,9,0,5
2185,2024-04-12 15:00:00.000,184320,8,5,10,2,7
1970,2024-04-12 15:01:30.000,184396,9,4,7,0,4
5210,2024-04-12 15:01:30.000,184434,9,4,7,0,4
2834,2024-04-12 15:01:30.000,184338,9,4,9,2,6
1253,2024-04-12 15:02:37.500,184362,12,3,3,-1,2
2765,2024-04-12 15:02:37.500,184322,12,3,7,2,5
4565,2024-04-12 15:02:37.500,184324,12,3,7,2,5
1323,2024-04-12 15:03:00.000,184430,10,4,5,-1,3
4135,2024-04-12 15:03:00.000,184400,14,4,7,0,4
391,2024-04-12 15:03:00.000,184306,14,4,9,2,6
3123,2024-04-12 15:03:00.000,184388,10,4,9,2,6
3915,2024-04-12 15:03:00.000,184314,10,4,9,2,6
5359,2024-04-12 15:03:00.000,184450,14,4,9,2,6
1684,2024-04-12 15:04:30.000,184312,11,4,7,0,4
1108,2024-04-12 15:04:30.000,184284,11,4,9,2,6
1396,2024-04-12 15:04:30.000,184326,11,4,9,2,6
23,2024-04-12 15:05:37.500,184414,6,3,5,0,3
527,2024-04-12 15:05:37.500,184412,6,3,5,0,3
1895,2024-04-12 15:05:37.500,184384,6,3,5,0,3
3561,2024-04-12 15:06:00.000,184448,16,3,5,0,3
4533,2024-04-12 15:06:00.000,184310,16,3,5,0,3
4857,2024-04-12 15:06:00.000,184352,16,3,5,0,3
1752,2024-04-12 15:07:07.500,184316,7,4,7,0,4
3408,2024-04-12 15:07:07.500,184406,7,4,7,0,4
4488,2024-04-12 15:07:07.500,184308,7,4,10,3,7
4462,2024-04-12 15:07:30.000,184304,17,4,5,-1,3
2694,2024-04-12 15:07:30.000,184296,13,5,9,0,5
3346,2024-04-12 15:07:30.000,184398,17,4,7,0,4
4378,2024-04-12 15:07:30.000,184292,5,4,7,0,4
5178,2024-04-12 15:07:30.000,184432,13,5,9,0,5
454,2024-04-12 15:07:30.000,184426,5,4,9,2,6
4774,2024-04-12 15:07:30.000,184348,5,4,9,2,6
4926,2024-04-12 15:07:30.000,184356,13,5,10,2,7
1474,2024-04-12 15:07:30.000,184390,17,4,10,3,7
4964,2024-04-12 15:07:52.500,184370,15,5,9,0,5
5108,2024-04-12 15:07:52.500,184418,15,5,9,0,5
2912,2024-04-12 15:07:52.500,184374,15,5,12,3,8
745,2024-04-12 15:12:00.000,184456,8,5,7,-1,4
5245,2024-04-12 15:12:00.000,184438,8,5,9,0,5
2977,2024-04-12 15:12:00.000,184380,8,5,10,2,7
1826,2024-04-12 15:13:30.000,184372,9,4,7,0,4
2186,2024-04-12 15:13:30.000,184320,9,4,7,0,4
1610,2024-04-12 15:13:30.000,184290,9,4,9,2,6
1109,2024-04-12 15:14:37.500,184284,12,3,5,0,3
1397,2024-04-12 15:14:37.500,184326,12,3,5,0,3
1685,2024-04-12 15:14:37.500,184312,12,3,5,0,3
2835,2024-04-12 15:15:00.000,184338,10,4,7,0,4
1971,2024-04-12 15:15:00.000,184396,10,4,9,2,6
5211,2024-04-12 15:15:00.000,184434,10,4,9,2,6
1324,2024-04-12 15:16:30.000,184430,11,4,7,0,4
3124,2024-04-12 15:16:30.000,184388,11,4,7,0,4
3916,2024-04-12 15:16:30.000,184314,11,4,9,2,6
455,2024-04-12 15:17:37.500,184426,6,3,5,0,3
4775,2024-04-12 15:17:37.500,184348,6,3,5,0,3
4379,2024-04-12 15:17:37.500,184292,6,3,7,2,5
5109,2024-04-12 15:18:00.000,184418,16,3,5,0,3
2913,2024-04-12 15:18:00.000,184374,16,3,7,2,5
4965,2024-04-12 15:18:00.000,184370,16,3,7,2,5
24,2024-04-12 15:19:07.500,184414,7,4,9,2,6
528,2024-04-12 15:19:07.500,184412,7,4,9,2,6
1896,2024-04-12 15:19:07.500,184384,7,4,9,2,6
4566,2024-04-12 15:19:30.000,184324,13,5,7,-1,4
1254,2024-04-12 15:19:30.000,184362,13,5,9,0,5
2766,2024-04-12 15:19:30.000,184322,13,5,9,0,5
3562,2024-04-12 15:19:30.000,184448,17,4,7,0,4
4858,2024-04-12 15:19:30.000,184352,17,4,7,0,4
4534,2024-04-12 15:19:30.000,184310,17,4,9,2,6
392,2024-04-12 15:19:52.500,184306,15,5,9,0,5
4136,2024-04-12 15:19:52.500,184400,15,5,9,0,5
5360,2024-04-12 15:19:52.500,184450,15,5,10,2,7
1475,2024-04-12 15:21:00.000,184390,18,4,5,-1,3
5179,2024-04-12 15:21:00.000,184432,14,4,5,-1,3
2695,2024-04-12 15:21:00.000,184296,14,4,7,0,4
3347,2024-04-12 15:21:00.000,184398,18,4,7,0,4
4927,2024-04-12 15:21:00.000,184356,14,4,7,0,4
4463,2024-04-12 15:21:00.000,184304,18,4,9,2,6
4489,2024-04-12 15:24:00.000,184308,8,5,7,-1,4
1753,2024-04-12 15:24:00.000,184316,8,5,9,0,5
3409,2024-04-12 15:24:00.000,184406,8,5,9,0,5
2978,2024-04-12 15:25:30.000,184380,9,4,5,-1,3
5246,2024-04-12 15:25:30.000,184438,9,4,7,0,4
746,2024-04-12 15:25:30.000,184456,9,4,9,2,6
1325,2024-04-12 15:26:37.500,184430,12,3,5,0,3
3125,2024-04-12 15:26:37.500,184388,12,3,5,0,3
3917,2024-04-12 15:26:37.500,184314,12,3,7,2,5
1611,2024-04-12 15:27:00.000,184290,10,4,7,0,4
1827,2024-04-12 15:27:00.000,184372,10,4,7,0,4
2187,2024-04-12 15:27:00.000,184320,10,4,7,0,4
5212,2024-04-12 15:28:30.000,184434,11,4,7,0,4
2836,2024-04-12 15:28:30.000,184338,11,4,9,2,6
1972,2024-04-12 15:28:30.000,184396,11,4,10,3,7
393,2024-04-12 15:30:00.000,184306,16,3,5,0,3
5361,2024-04-12 15:30:00.000,184450,16,3,5,0,3
4137,2024-04-12 15:30:00.000,184400,16,3,9,3,6
456,2024-04-12 15:31:07.500,184426,7,4,7,0,4
4776,2024-04-12 15:31:07.500,184348,7,4,7,0,4
4380,2024-04-12 15:31:07.500,184292,7,4,9,2,6
1110,2024-04-12 15:31:30.000,184284,13,5,7,-1,4
1398,2024-04-12 15:31:30.000,184326,13,5,9,0,5
1686,2024-04-12 15:31:30.000,184312,13,5,9,0,5
2914,2024-04-12 15:31:30.000,184374,17,4,7,0,4
5110,2024-04-12 15:31:30.000,184418,17,4,7,0,4
4966,2024-04-12 15:31:30.000,184370,17,4,9,2,6
4535,2024-04-12 15:33:00.000,184310,18,4,7,0,4
4567,2024-04-12 15:33:00.000,184324,14,4,7,0,4
1255,2024-04-12 15:33:00.000,184362,14,4,9,2,6
2767,2024-04-12 15:33:00.000,184322,14,4,9,2,6
4859,2024-04-12 15:33:00.000,184352,18,4,9,2,6
3563,2024-04-12 15:33:00.000,184448,18,4,12,5,9
25,2024-04-12 15:36:00.000,184414,8,5,7,-1,4
529,2024-04-12 15:36:00.000,184412,8,5,7,-1,4
1897,2024-04-12 15:36:00.000,184384,8,5,9,0,5
4490,2024-04-12 15:37:30.000,184308,9,4,5,-1,3
1754,2024-04-12 15:37:30.000,184316,9,4,7,0,4
3410,2024-04-12 15:37:30.000,184406,9,4,7,0,4
2696,2024-04-12 15:37:52.500,184296,15,5,9,0,5
4928,2024-04-12 15:37:52.500,184356,15,5,9,0,5
5180,2024-04-12 15:37:52.500,184432,15,5,9,0,5
1973,2024-04-12 15:38:37.500,184396,12,3,5,0,3
2837,2024-04-12 15:38:37.500,184338,12,3,5,0,3
5213,2024-04-12 15:38:37.500,184434,12,3,7,2,5
2979,2024-04-12 15:39:00.000,184380,10,4,7,0,4
5247,2024-04-12 15:39:00.000,184438,10,4,7,0,4
747,2024-04-12 15:39:00.000,184456,10,4,9,2,6
1828,2024-04-12 15:40:30.000,184372,11,4,7,0,4
1612,2024-04-12 15:40:30.000,184290,11,4,9,2,6
2188,2024-04-12 15:40:30.000,184320,11,4,9,2,6
3918,2024-04-12 15:43:30.000,184314,13,5,7,-1,4
4138,2024-04-12 15:43:30.000,184400,17,4,5,-1,3
394,2024-04-12 15:43:30.000,184306,17,4,7,0,4
1326,2024-04-12 15:43:30.000,184430,13,5,9,0,5
3126,2024-04-12 15:43:30.000,184388,13,5,9,0,5
5362,2024-04-12 15:43:30.000,184450,17,4,9,2,6
1111,2024-04-12 15:45:00.000,184284,14,4,7,0,4
1687,2024-04-12 15:45:00.000,184312,14,4,7,0,4
2915,2024-04-12 15:45:00.000,184374,18,4,7,0,4
4967,2024-04-12 15:45:00.000,184370,18,4,7,0,4
1399,2024-04-12 15:45:00.000,184326,14,4,9,2,6
5111,2024-04-12 15:45:00.000,184418,18,4,9,2,6
4929,2024-04-12 15:48:00.000,184356,16,3,3,-1,2
5181,2024-04-12 15:48:00.000,184432,16,3,3,-1,2
457,2024-04-12 15:48:00.000,184426,8,5,9,0,5
4381,2024-04-12 15:48:00.000,184292,8,5,9,0,5
4777,2024-04-12 15:48:00.000,184348,8,5,9,0,5
2697,2024-04-12 15:48:00.000,184296,16,3,7,2,5
26,2024-04-12 15:49:30.000,184414,9,4,7,0,4
530,2024-04-12 15:49:30.000,184412,9,4,7,0,4
1898,2024-04-12 15:49:30.000,184384,9,4,7,0,4
1256,2024-04-12 15:49:52.500,184362,15,5,9,0,5
2768,2024-04-12 15:49:52.500,184322,15,5,9,0,5
4568,2024-04-12 15:49:52.500,184324,15,5,10,2,7
1613,2024-04-12 15:50:37.500,184290,12,3,5,0,3
2189,2024-04-12 15:50:37.500,184320,12,3,5,0,3
1829,2024-04-12 15:50:37.500,184372,12,3,7,2,5
1755,2024-04-12 15:51:00.000,184316,10,4,7,0,4
3411,2024-04-12 15:51:00.000,184406,10,4,7,0,4
4491,2024-04-12 15:51:00.000,184308,10,4,9,2,6
748,2024-04-12 15:52:30.000,184456,11,4,7,0,4
2980,2024-04-12 15:52:30.000,184380,11,4,7,0,4
5248,2024-04-12 15:52:30.000,184438,11,4,7,0,4
5214,2024-04-12 15:55:30.000,184434,13,5,9,0,5
1974,2024-04-12 15:55:30.000,184396,13,5,10,2,7
2838,2024-04-12 15:55:30.000,184338,13,5,10,2,7
1327,2024-04-12 15:57:00.000,184430,14,4,7,0,4
3919,2024-04-12 15:57:00.000,184314,14,4,7,0,4
5363,2024-04-12 15:57:00.000,184450,18,4,7,0,4
395,2024-04-12 15:57:00.000,184306,18,4,9,2,6
3127,2024-04-12 15:57:00.000,184388,14,4,9,2,6
4139,2024-04-12 15:57:00.000,184400,18,4,9,2,6
1257,2024-04-12 16:00:00.000,184362,16,3,5,0,3
2769,2024-04-12 16:00:00.000,184322,16,3,5,0,3
4569,2024-04-12 16:00:00.000,184324,16,3,7,2,5
458,2024-04-12 16:01:30.000,184426,9,4,5,-1,3
2698,2024-04-12 16:01:30.000,184296,17,4,7,0,4
4778,2024-04-12 16:01:30.000,184348,9,4,7,0,4
4930,2024-04-12 16:01:30.000,184356,17,4,7,0,4
4382,2024-04-12 16:01:30.000,184292,9,4,9,2,6
5182,2024-04-12 16:01:30.000,184432,17,4,9,2,6
1112,2024-04-12 16:01:52.500,184284,15,5,9,0,5
1400,2024-04-12 16:01:52.500,184326,15,5,9,0,5
1688,2024-04-12 16:01:52.500,184312,15,5,9,0,5
2981,2024-04-12 16:02:37.500,184380,12,3,5,0,3
5249,2024-04-12 16:02:37.500,184438,12,3,5,0,3
749,2024-04-12 16:02:37.500,184456,12,3,7,2,5
27,2024-04-12 16:03:00.000,184414,10,4,5,-1,3
531,2024-04-12 16:03:00.000,184412,10,4,7,0,4
1899,2024-04-12 16:03:00.000,184384,10,4,7,0,4
1756,2024-04-12 16:04:30.000,184316,11,4,7,0,4
4492,2024-04-12 16:04:30.000,184308,11,4,7,0,4
3412,2024-04-12 16:04:30.000,184406,11,4,9,2,6
1614,2024-04-12 16:07:30.000,184290,13,5,9,0,5
1830,2024-04-12 16:07:30.000,184372,13,5,9,0,5
2190,2024-04-12 16:07:30.000,184320,13,5,9,0,5
2839,2024-04-12 16:09:00.000,184338,14,4,7,0,4
1975,2024-04-12 16:09:00.000,184396,14,4,9,2,6
5215,2024-04-12 16:09:00.000,184434,14,4,9,2,6
1113,2024-04-12 16:12:00.000,184284,16,3,3,-1,2
1401,2024-04-12 16:12:00.000,184326,16,3,5,0,3
1689,2024-04-12 16:12:00.000,184312,16,3,7,2,5
1258,2024-04-12 16:13:30.000,184362,17,4,7,0,4
2770,2024-04-12 16:13:30.000,184322,17,4,7,0,4
4570,2024-04-12 16:13:30.000,184324,17,4,9,2,6
3920,2024-04-12 16:13:52.500,184314,15,5,7,-1,4
1328,2024-04-12 16:13:52.500,184430,15,5,9,0,5
3128,2024-04-12 16:13:52.500,184388,15,5,9,0,5
1757,2024-04-12 16:14:37.500,184316,12,3,5,0,3
3413,2024-04-12 16:14:37.500,184406,12,3,5,0,3
4493,2024-04-12 16:14:37.500,184308,12,3,5,0,3
459,2024-04-12 16:15:00.000,184426,10,4,7,0,4
2699,2024-04-12 16:15:00.000,184296,18,4,7,0,4
4779,2024-04-12 16:15:00.000,184348,10,4,7,0,4
4931,2024-04-12 16:15:00.000,184356,18,4,7,0,4
4383,2024-04-12 16:15:00.000,184292,10,4,9,2,6
5183,2024-04-12 16:15:00.000,184432,18,4,9,2,6
28,2024-04-12 16:16:30.000,184414,11,4,7,0,4
532,2024-04-12 16:16:30.000,184412,11,4,9,2,6
1900,2024-04-12 16:16:30.000,184384,11,4,10,3,7
5250,2024-04-12 16:19:30.000,184438,13,5,7,-1,4
750,2024-04-12 16:19:30.000,184456,13,5,9,0,5
2982,2024-04-12 16:19:30.000,184380,13,5,9,0,5
2191,2024-04-12 16:21:00.000,184320,14,4,5,-1,3
1831,2024-04-12 16:21:00.000,184372,14,4,7,0,4
1615,2024-04-12 16:21:00.000,184290,14,4,9,2,6
1329,2024-04-12 16:24:00.000,184430,16,3,5,0,3
3129,2024-04-12 16:24:00.000,184388,16,3,5,0,3
3921,2024-04-12 16:24:00.000,184314,16,3,5,0,3
1114,2024-04-12 16:25:30.000,184284,17,4,7,0,4
1402,2024-04-12 16:25:30.000,184326,17,4,7,0,4
1690,2024-04-12 16:25:30.000,184312,17,4,7,0,4
1976,2024-04-12 16:25:52.500,184396,15,5,9,0,5
5216,2024-04-12 16:25:52.500,184434,15,5,9,0,5
2840,2024-04-12 16:25:52.500,184338,15,5,10,2,7
29,2024-04-12 16:26:37.500,184414,12,3,5,0,3
533,2024-04-12 16:26:37.500,184412,12,3,5,0,3
1901,2024-04-12 16:26:37.500,184384,12,3,5,0,3
2771,2024-04-12 16:27:00.000,184322,18,4,7,0,4
1259,2024-04-12 16:27:00.000,184362,18,4,9,2,6
4571,2024-04-12 16:27:00.000,184324,18,4,10,3,7
460,2024-04-12 16:28:30.000,184426,11,4,7,0,4
4384,2024-04-12 16:28:30.000,184292,11,4,7,0,4
4780,2024-04-12 16:28:30.000,184348,11,4,7,0,4
4494,2024-04-12 16:31:30.000,184308,13,5,7,-1,4
1758,2024-04-12 16:31:30.000,184316,13,5,9,0,5
3414,2024-04-12 16:31:30.000,184406,13,5,9,0,5
751,2024-04-12 16:33:00.000,184456,14,4,7,0,4
2983,2024-04-12 16:33:00.000,184380,14,4,7,0,4
5251,2024-04-12 16:33:00.000,184438,14,4,7,0,4
2841,2024-04-12 16:36:00.000,184338,16,3,5,0,3
1977,2024-04-12 16:36:00.000,184396,16,3,7,2,5
5217,2024-04-12 16:36:00.000,184434,16,3,7,2,5
1330,2024-04-12 16:37:30.000,184430,17,4,7,0,4
3130,2024-04-12 16:37:30.000,184388,17,4,9,2,6
3922,2024-04-12 16:37:30.000,184314,17,4,10,3,7
1616,2024-04-12 16:37:52.500,184290,15,5,9,0,5
1832,2024-04-12 16:37:52.500,184372,15,5,9,0,5
2192,2024-04-12 16:37:52.500,184320,15,5,9,0,5
461,2024-04-12 16:38:37.500,184426,12,3,3,-1,2
4385,2024-04-12 16:38:37.500,184292,12,3,5,0,3
4781,2024-04-12 16:38:37.500,184348,12,3,5,0,3
1115,2024-04-12 16:39:00.000,184284,18,4,7,0,4
1403,2024-04-12 16:39:00.000,184326,18,4,7,0,4
1691,2024-04-12 16:39:00.000,184312,18,4,9,2,6
534,2024-04-12 16:43:30.000,184412,13,5,9,0,5
1902,2024-04-12 16:43:30.000,184384,13,5,9,0,5
30,2024-04-12 16:43:30.000,184414,13,5,10,2,7
1759,2024-04-12 16:45:00.000,184316,14,4,7,0,4
4495,2024-04-12 16:45:00.000,184308,14,4,7,0,4
3415,2024-04-12 16:45:00.000,184406,14,4,10,3,7
1833,2024-04-12 16:48:00.000,184372,16,3,5,0,3
2193,2024-04-12 16:48:00.000,184320,16,3,5,0,3
1617,2024-04-12 16:48:00.000,184290,16,3,7,2,5
1978,2024-04-12 16:49:30.000,184396,17,4,7,0,4
5218,2024-04-12 16:49:30.000,184434,17,4,7,0,4
2842,2024-04-12 16:49:30.000,184338,17,4,9,2,6
752,2024-04-12 16:49:52.500,184456,15,5,9,0,5
2984,2024-04-12 16:49:52.500,184380,15,5,9,0,5
5252,2024-04-12 16:49:52.500,184438,15,5,12,3,8
1331,2024-04-12 16:51:00.000,184430,18,4,9,2,6
3131,2024-04-12 16:51:00.000,184388,18,4,9,2,6
3923,2024-04-12 16:51:00.000,184314,18,4,9,2,6
4782,2024-04-12 16:55:30.000,184348,13,5,7,-1,4
4386,2024-04-12 16:55:30.000,184292,13,5,9,0,5
462,2024-04-12 16:55:30.000,184426,13,5,10,2,7
31,2024-04-12 16:57:00.000,184414,14,4,7,0,4
535,2024-04-12 16:57:00.000,184412,14,4,7,0,4
1903,2024-04-12 16:57:00.000,184384,14,4,9,2,6
2985,2024-04-12 17:00:00.000,184380,16,3,5,0,3
753,2024-04-12 17:00:00.000,184456,16,3,7,2,5
5253,2024-04-12 17:00:00.000,184438,16,3,9,3,6
1834,2024-04-12 17:01:30.000,184372,17,4,7,0,4
2194,2024-04-12 17:01:30.000,184320,17,4,7,0,4
1618,2024-04-12 17:01:30.000,184290,17,4,9,2,6
3416,2024-04-12 17:01:52.500,184406,15,5,7,-1,4
4496,2024-04-12 17:01:52.500,184308,15,5,7,-1,4
1760,2024-04-12 17:01:52.500,184316,15,5,10,2,7
1979,2024-04-12 17:03:00.000,184396,18,4,5,-1,3
2843,2024-04-12 17:03:00.000,184338,18,4,5,-1,3
5219,2024-04-12 17:03:00.000,184434,18,4,7,0,4
463,2024-04-12 17:09:00.000,184426,14,4,7,0,4
4387,2024-04-12 17:09:00.000,184292,14,4,9,2,6
4783,2024-04-12 17:09:00.000,184348,14,4,9,2,6
3417,2024-04-12 17:12:00.000,184406,16,3,3,-1,2
1761,2024-04-12 17:12:00.000,184316,16,3,5,0,3
4497,2024-04-12 17:12:00.000,184308,16,3,7,2,5
754,2024-04-12 17:13:30.000,184456,17,4,7,0,4
2986,2024-04-12 17:13:30.000,184380,17,4,7,0,4
5254,2024-04-12 17:13:30.000,184438,17,4,9,2,6
32,2024-04-12 17:13:52.500,184414,15,5,9,0,5
536,2024-04-12 17:13:52.500,184412,15,5,9,0,5
1904,2024-04-12 17:13:52.500,184384,15,5,9,0,5
1619,2024-04-12 17:15:00.000,184290,18,4,7,0,4
2195,2024-04-12 17:15:00.000,184320,18,4,7,0,4
1835,2024-04-12 17:15:00.000,184372,18,4,9,2,6
33,2024-04-12 17:24:00.000,184414,16,3,5,0,3
537,2024-04-12 17:24:00.000,184412,16,3,5,0,3
1905,2024-04-12 17:24:00.000,184384,16,3,5,0,3
4498,2024-04-12 17:25:30.000,184308,17,4,5,-1,3
1762,2024-04-12 17:25:30.000,184316,17,4,7,0,4
3418,2024-04-12 17:25:30.000,184406,17,4,9,2,6
464,2024-04-12 17:25:52.500,184426,15,5,9,0,5
4388,2024-04-12 17:25:52.500,184292,15,5,10,2,7
4784,2024-04-12 17:25:52.500,184348,15,5,12,3,8
755,2024-04-12 17:27:00.000,184456,18,4,9,2,6
2987,2024-04-12 17:27:00.000,184380,18,4,10,3,7
5255,2024-04-12 17:27:00.000,184438,18,4,10,3,7
465,2024-04-12 17:36:00.000,184426,16,3,5,0,3
4389,2024-04-12 17:36:00.000,184292,16,3,5,0,3
4785,2024-04-12 17:36:00.000,184348,16,3,5,0,3
538,2024-04-12 17:37:30.000,184412,17,4,5,-1,3
34,2024-04-12 17:37:30.000,184414,17,4,7,0,4
1906,2024-04-12 17:37:30.000,184384,17,4,7,0,4
3419,2024-04-12 17:39:00.000,184406,18,4,7,0,4
4499,2024-04-12 17:39:00.000,184308,18,4,7,0,4
1763,2024-04-12 17:39:00.000,184316,18,4,9,2,6
466,2024-04-12 17:49:30.000,184426,17,4,7,0,4
4786,2024-04-12 17:49:30.000,184348,17,4,7,0,4
4390,2024-04-12 17:49:30.000,184292,17,4,9,2,6
35,2024-04-12 17:51:00.000,184414,18,4,7,0,4
539,2024-04-12 17:51:00.000,184412,18,4,7,0,4
1907,2024-04-12 17:51:00.000,184384,18,4,7,0,4
467,2024-04-12 18:03:00.000,184426,18,4,7,0,4
4391,2024-04-12 18:03:00.000,184292,18,4,7,0,4
4787,2024-04-12 18:03:00.000,184348,18,4,7,0,4
